month,region,phase_index,NetPath_low_monthly,NetPath_thin_monthly,NetPath_thick_monthly,NetPath_deep_monthly,NetPath_high_total_monthly,NetPath_high_contrast_monthly
2002-07-01,CP,1,-5.550742977276533,2.277646295593057,-2.515080874336826,-2.954125471229647,-3.191560049973415,-7.746852641159530
2002-08-01,CP,1,-5.153014770835879,3.284267053709189,-3.613424267637827,-4.519973672009781,-4.849130885938419,-11.417664993356798
2002-09-01,CP,1,-5.573846244292087,3.597887396895689,-3.085249824171334,-4.304352628354216,-3.791715055629862,-10.987489849421241
2002-10-01,CP,1,-4.957063587622119,3.121432889017769,-3.858070120704679,-4.527679546445707,-5.264316778132617,-11.507182556168154
2002-11-01,CP,1,-5.037304156089076,4.246046049998532,-3.222817729952041,-4.492197756281533,-3.468969436235042,-11.961061536232107
2002-12-01,CP,1,-5.301952845091601,4.125810647744789,-4.046931237661786,-5.411219045284728,-5.332339635201725,-13.583960930691303
2003-01-01,CP,1,-5.076773785959145,5.469037808302126,-3.914515379812777,-5.200984606749346,-3.646462178259997,-14.584537794864248
2003-02-01,CP,1,-6.681518501729705,4.618621580117109,-2.838663237970320,-4.563784881688747,-2.783826539541958,-12.021069699776177
2003-03-01,CP,0,-5.901358852348860,3.421391580651712,-3.050744343434906,-3.631490621004670,-3.260843383787863,-10.103626545091288
2003-04-01,CP,0,-5.756246586152247,2.976830590045014,-3.641302447052329,-3.886501161379996,-4.550973018387311,-10.504634198477339
2003-05-01,CP,-1,-6.303464721863320,3.042813491354129,-2.475580457933350,-2.898563546358342,-2.331330512937563,-8.416957495645821
2003-06-01,CP,0,-5.393187746335708,3.366848094832740,-1.244151541187768,-2.052740149927542,0.069956403717431,-6.663739785948049
2003-07-01,CP,0,-5.883583353205107,3.304649484389952,-1.724409614209581,-2.352346907380202,-0.772107037199832,-7.381406005979735
2003-08-01,CP,0,-6.804838983801261,3.225995432328009,-1.787434233071047,-2.480790362049044,-1.042229162792082,-7.494220027448101
2003-09-01,CP,0,-6.451865041718963,2.643695109246997,-2.381289753513766,-2.689965275685828,-2.427559919952597,-7.714950138446592
2003-10-01,CP,0,-6.202684711651351,3.053403189319926,-2.605754422976469,-3.124795808915386,-2.677147042571928,-8.783953421211780
2003-11-01,CP,0,-5.860536126926586,3.047815946233249,-2.913989631557303,-3.691365359221960,-3.557539044546014,-9.653170937012511
2003-12-01,CP,0,-5.832096755213707,4.011584978672786,-2.701262579666813,-3.995140284189968,-2.684817885183994,-10.707987842529567
2004-01-01,CP,0,-6.225770036715422,5.644562280892554,-2.600373682078655,-4.193055455649573,-1.148866856835674,-12.437991418620783
2004-02-01,CP,0,-7.226507537629995,3.032912809962171,-3.207650755136306,-3.815709280158339,-3.990447225332474,-10.056272845256816
2004-03-01,CP,0,-6.791201248487016,2.926448379934806,-4.547254321334709,-4.710173608670499,-6.330979550070401,-12.183876309940013
2004-04-01,CP,0,-5.792538335716387,2.886039024172145,-3.639564380039574,-4.295726796968601,-5.049252152836031,-10.821330201180322
2004-05-01,CP,0,-6.592922770651822,2.811807757006132,-1.901281735839476,-2.342597291473229,-1.432071270306573,-7.055686784318837
2004-06-01,CP,0,-5.341820642031601,3.845917531274690,-2.013278597597498,-2.959007726749701,-1.126368793072509,-8.818203855621888
2004-07-01,CP,1,-4.666587448134836,4.114468285821544,-1.199006562841262,-1.931424597253841,0.984037125726441,-7.244899445916647
2004-08-01,CP,1,-5.523507909202682,2.951157155791344,-2.704272185633685,-3.158791434221405,-2.911906464063746,-8.814220775646435
2004-09-01,CP,1,-5.548446075877661,2.974630479638983,-2.106362122658048,-2.759616116603750,-1.891347759622815,-7.840608718900780
2004-10-01,CP,1,-5.064151382289871,3.219177310012844,-3.311021397289201,-3.322167910998638,-3.414011998274994,-9.852366618300683
2004-11-01,CP,1,-4.808246888885230,4.173685697511817,-2.781516276903007,-3.906688885915681,-2.514519465306871,-10.861890860330504
2004-12-01,CP,1,-5.705951547465634,3.345660364544515,-2.806423653877120,-3.888360352511107,-3.349123641843712,-10.040444370932741
2005-01-01,CP,1,-6.181709504542223,3.747295033872903,-3.238215257814518,-4.027107362435363,-3.518027586376979,-11.012617654122785
2005-02-01,CP,0,-5.237125774097836,5.016022886577586,-5.217357422428801,-7.771982750229811,-7.973317286081026,-18.005363059236196
2005-03-01,CP,1,-6.915519312280358,3.170393546811694,-2.574005254184152,-3.442488382451992,-2.846100089824450,-9.186887183447837
2005-04-01,CP,0,-6.229292035859925,3.321415244587812,-3.380290194708770,-4.127740625495738,-4.186615575616697,-10.829446064792320
2005-05-01,CP,0,-6.691280742948154,3.665987813126252,-1.821207340698765,-2.680419846130123,-0.835639373702637,-8.167614999955141
2005-06-01,CP,0,-6.460068949125158,3.154552114983777,-1.300182855239525,-1.980404233194812,-0.126034973450561,-6.435139203418114
2005-07-01,CP,0,-6.044491188874861,3.353360704091666,-1.686626596883901,-2.232131108795748,-0.565397001587983,-7.272118409771315
2005-08-01,CP,0,-6.787975151895212,2.309668402102506,-2.037005489734331,-2.485052329337679,-2.212389416969504,-6.831726221174517
2005-09-01,CP,0,-6.448613120826112,2.606770546262428,-2.368696958170253,-2.586109364364964,-2.348035776272789,-7.561576868797645
2005-10-01,CP,0,-5.915936019092378,3.094652329635978,-2.299025300988171,-3.237219730662110,-2.441592702014304,-8.630897361286259
2005-11-01,CP,-1,-6.084227122297384,3.344512810487349,-2.663659485323253,-3.136750377952705,-2.455897052788610,-9.144922673763308
2005-12-01,CP,-1,-7.132269857180503,3.338434403512519,-2.123923579102897,-2.961849872611730,-1.747339048202109,-8.424207855227147
2006-01-01,CP,-1,-7.269835263087958,2.898306810564287,-3.188947531372402,-3.873760183588504,-4.164400904396619,-9.961014525525194
2006-02-01,CP,-1,-7.180248702634729,3.661596287015934,-4.006905774023896,-4.092511214407570,-4.437820701415532,-11.761013275447400
2006-03-01,CP,-1,-6.887829277319321,2.001181444502032,-3.370666318124402,-3.692458515774695,-5.061943389397065,-9.064306278401130
2006-04-01,CP,0,-6.669581709318014,2.113780332361775,-3.093321591259170,-3.068624352848099,-4.048165611745494,-8.275726276469046
2006-05-01,CP,0,-5.728106739783952,3.156200293946386,-1.755215710068132,-2.276739976205116,-0.875755392326862,-7.188155980219634
2006-06-01,CP,0,-6.526544630512624,3.701803452612106,-1.010716336613846,-1.904169028237917,0.786918087760342,-6.616688817463869
2006-07-01,CP,0,-6.947389338321265,2.371323553525384,-1.895197085588060,-2.190758827463391,-1.714632359526068,-6.457279466576836
2006-08-01,CP,0,-6.391358852457496,3.340699885995273,-2.443094307488027,-2.974511362699253,-2.076905784192007,-8.758305556182552
2006-09-01,CP,1,-5.732392807314953,2.915947549047540,-2.734821862516980,-3.169215664523998,-2.988089977993437,-8.819985076088518
2006-10-01,CP,1,-5.687057707434729,3.356837192750807,-3.614806346169200,-4.808663673212618,-5.066632826631011,-11.780307212132625
2006-11-01,CP,1,-4.778986847636570,3.995586546307154,-3.133695906711333,-4.320976813119314,-3.459086173523493,-11.450259266137801
2006-12-01,CP,1,-6.044502710827103,3.738872600369633,-2.988552785004374,-3.910251427993484,-3.159931612628225,-10.637676813367491
2007-01-01,CP,1,-6.128191341759752,4.994898318685371,-3.905160404987438,-5.556111594658191,-4.466373680960257,-14.456170318331001
2007-02-01,CP,0,-7.354739866882362,3.309157782449038,-3.694750658833529,-3.981825452001845,-4.367418328386336,-10.985733893284412
2007-03-01,CP,0,-6.839325935755905,2.773470508981897,-3.262157716303610,-3.552665569455563,-4.041352776777275,-9.588293794741070
2007-04-01,CP,0,-6.889717110520169,2.887153406906216,-2.596647735747456,-2.934920048013372,-2.644414376854613,-8.418721190667044
2007-05-01,CP,-1,-7.023482942616342,3.090391252492625,-1.832555895141438,-2.649737696845581,-1.391902339494394,-7.572684844479644
2007-06-01,CP,0,-7.046005741194379,3.287350665131138,-1.143067441781281,-1.639891032552789,0.504392190797069,-6.070309139465207
2007-07-01,CP,-1,-6.258076209870132,2.980267215537888,-1.150327114573106,-1.772547383084660,0.057392717880121,-5.903141713195653
2007-08-01,CP,-1,-6.116063221988120,2.821357509114453,-2.009097971651038,-2.312324330623446,-1.500064793160031,-7.142779811388937
2007-09-01,CP,-1,-7.174941469376730,2.204944602050678,-2.168382122186814,-2.487529613227295,-2.450967133363430,-6.860856337464786
2007-10-01,CP,-1,-6.862943391153454,2.409619519777455,-2.462959281404458,-2.991506415788315,-3.044846177415317,-7.864085216970228
2007-11-01,CP,-1,-7.199373144110598,3.141934456476971,-3.007865619176276,-3.898628356915613,-3.764559519614918,-10.048428432568860
2007-12-01,CP,-1,-8.370436942009539,2.059799941206343,-2.580832779645088,-3.134742321630447,-3.655775160069191,-7.775375042481878
2008-01-01,CP,-1,-7.296388305576803,3.559031532129743,-4.265556321230050,-4.863146612004308,-5.569671401104614,-12.687734465364102
2008-02-01,CP,-1,-10.292263082779440,0.959729983727839,-2.223965667938422,-2.004344924215284,-3.268580608425867,-5.188040575881544
2008-03-01,CP,-1,-7.932314616755788,1.851554693327335,-2.281190347519817,-2.177300978241464,-2.606936632433945,-6.310046019088615
2008-04-01,CP,-1,-7.133314007840784,2.290873056823521,-2.565767081971583,-2.445071757788703,-2.719965782936765,-7.301711896583807
2008-05-01,CP,-1,-7.288744435420171,2.553723078827038,-1.367678193650315,-1.881285081324680,-0.695240196147957,-5.802686353802034
2008-06-01,CP,-1,-7.108101568328363,2.601404292198959,-1.452944703479870,-1.816322794601690,-0.667863205882601,-5.870671790280518
2008-07-01,CP,0,-6.743067415104297,2.687704455606676,-0.857607359204525,-1.554426350903931,0.275670745498220,-5.099738165715132
2008-08-01,CP,0,-6.849646307056133,2.182250991860422,-1.799762485137649,-1.975529033837976,-1.593040527115202,-5.957542510836047
2008-09-01,CP,0,-7.555109029675879,2.488154125896672,-2.057717065456314,-2.501219778653870,-2.070782718213513,-7.047090970006856
2008-10-01,CP,0,-7.010888657209714,2.437192893359258,-2.376524098558161,-2.874438963769967,-2.813770168968870,-7.688155955687385
2008-11-01,CP,-1,-6.934661817106979,2.448908214293018,-2.457598991903377,-3.331480893132956,-3.340171670743315,-8.237988099329351
2008-12-01,CP,-1,-8.566185270724684,2.123893037866456,-2.029637705545590,-2.371240326867818,-2.276984994546952,-6.524771070279863
2009-01-01,CP,-1,-8.320760295382149,2.554050016962064,-2.993402292966019,-3.444027933038856,-3.883380209042810,-8.991480242966938
2009-02-01,CP,-1,-8.788438670291496,1.442350894154739,-3.588399825041528,-3.372308711993548,-5.518357642880337,-8.403059431189815
2009-03-01,CP,-1,-6.341663060830690,2.287428505867876,-3.724454224353765,-3.571362934536821,-5.008388653022710,-9.583245664758461
2009-04-01,CP,0,-7.164588715575058,2.892015658893277,-2.593920017774865,-3.304387502344327,-3.006291861225914,-8.790323179012468
2009-05-01,CP,0,-6.325113208189312,2.951383384073249,-1.523074072956921,-2.094443214826573,-0.666133903710245,-6.568900671856742
2009-06-01,CP,0,-5.281274648205787,3.466298032440970,-0.947662039694995,-1.606691626082171,0.911944366663804,-6.020651698218137
2009-07-01,CP,1,-5.855622764314560,3.649998683646358,-2.111145529625316,-2.641545989535080,-1.102692835514038,-8.402690202806754
2009-08-01,CP,1,-5.920616255992772,2.289503104561999,-2.510896252047945,-2.715082714305873,-2.936475861791819,-7.515482070915817
2009-09-01,CP,1,-6.724531776497884,2.816062911112717,-3.181540129539296,-3.575933986420055,-3.941411204846633,-9.573537027072067
2009-10-01,CP,1,-5.819113002910232,3.207490367412765,-3.002384811100486,-3.784794899641707,-3.579689343329428,-9.994670078154959
2009-11-01,CP,1,-5.100330697345796,3.893495221020597,-3.328239444913163,-4.270474149115455,-3.705218373008021,-11.492208815049215
2009-12-01,CP,1,-5.020940645444666,5.752296692928559,-3.336380753307850,-4.554432290262726,-2.138516350642017,-13.643109736499134
2010-01-01,CP,1,-5.794463667092030,5.094771280368870,-4.320647419928003,-5.943379249981025,-5.169255389540157,-15.358797950277896
2010-02-01,CP,1,-5.803379073032112,4.865128863203838,-5.587121130669770,-7.404436949317725,-8.126429216783658,-17.856686943191335
2010-03-01,CP,1,-7.280175653923113,3.107477025640113,-4.393444244870473,-5.508447356662523,-6.794414575892882,-13.009368627173108
2010-04-01,CP,0,-7.295201067635337,2.824473532621045,-3.085845718056922,-3.392939499241525,-3.654311684677402,-9.303258749919493
2010-05-01,CP,0,-8.237707583108941,2.508370461513959,-1.701770973377379,-2.050842624770136,-1.244243136633556,-6.260984059661475
2010-06-01,CP,-1,-7.435375198174505,2.840674164503649,-1.296646964475457,-1.949177810367372,-0.405150610339180,-6.086498939346479
2010-07-01,CP,-1,-7.570385937114946,2.973995942986213,-1.308576110003042,-1.879766896937719,-0.214347063954548,-6.162338949926975
2010-08-01,CP,-1,-7.865376787790618,2.089476876805637,-1.961687909959180,-2.007845294929554,-1.880056328083096,-6.059010081694371
2010-09-01,CP,-1,-8.859456177761633,1.415930985844249,-2.095724292600397,-2.317022921795295,-2.996816228551443,-5.828678200239941
2010-10-01,CP,-1,-8.063354145464256,1.797110122657418,-2.689494011869914,-2.693876145342565,-3.586260034555061,-7.180480279869898
2010-11-01,CP,-1,-8.079428694460494,2.215260250977711,-2.104869703231781,-2.406413087337915,-2.296022539591986,-6.726543041547407
2010-12-01,CP,-1,-8.691572673975969,1.332018309250853,-2.384645000669543,-2.269493159346105,-3.322119850764795,-5.986156469266501
2011-01-01,CP,-1,-8.274423659723569,1.609467409298359,-3.107635576323707,-3.471334727388432,-4.969502894413780,-8.188437713010497
2011-02-01,CP,-1,-8.805127099878185,1.487523258397296,-2.425934255922439,-2.333169725902820,-3.271580723427963,-6.246627240222555
2011-03-01,CP,-1,-8.167514934979991,1.330813007346050,-2.616908049031796,-2.636568021081431,-3.922663062767178,-6.584289077459276
2011-04-01,CP,-1,-7.370768094847659,2.096200815633533,-1.902961150347720,-1.812229726336206,-1.618990061050394,-5.811391692317459
2011-05-01,CP,-1,-6.456965035660609,3.001239758053571,-2.409025133365726,-2.460922583132090,-1.868707958444245,-7.871187474551386
2011-06-01,CP,0,-7.286973936257958,2.846761557788593,-1.622081223791630,-1.754632151694527,-0.529951817697564,-6.223474933274749
2011-07-01,CP,0,-7.183359587413644,2.587177388777154,-1.875826306466585,-1.968193324704035,-1.256842242393466,-6.431197019947774
2011-08-01,CP,-1,-8.016214847621486,2.354009835192288,-2.454552898840885,-2.339086890746271,-2.439629954394868,-7.147649624779444
2011-09-01,CP,-1,-8.315086071294791,1.747642026262334,-2.128096981297456,-2.076772999789349,-2.457227954824472,-5.952512007349139
2011-10-01,CP,-1,-7.253614380089525,2.219764471212597,-2.403522034688165,-2.683940574221259,-2.867698137696827,-7.307227080122020
2011-11-01,CP,-1,-6.409660693545348,2.799643267269548,-3.394055755565467,-3.928877771241003,-4.523290259536921,-10.122576794076018
2011-12-01,CP,-1,-8.174889194228300,1.867179032484683,-2.349848906540632,-2.537670459690610,-3.020340333746560,-6.754698398715925
2012-01-01,CP,-1,-8.815250025586987,1.715664385033164,-2.671769976926524,-2.890568681276301,-3.846674273169660,-7.278003043235988
2012-02-01,CP,-1,-8.487069743067176,2.096186862711281,-2.369434452439900,-2.426087766637279,-2.699335356365899,-6.891709081788461
2012-03-01,CP,-1,-8.640659835971807,1.906104435785811,-3.430957337755899,-3.358908470421915,-4.883761372392003,-8.695970243963625
2012-04-01,CP,-1,-6.891485775990001,2.808806933447573,-2.911062530273697,-2.859897086443539,-2.962152683269664,-8.579766550164809
2012-05-01,CP,0,-7.735066319989096,3.025709722254638,-1.587408626544373,-1.842626848903752,-0.404325753193487,-6.455745197702764
2012-06-01,CP,0,-6.998695143277620,2.895260401028673,-1.037875283007039,-1.368396577264128,0.488988540757506,-5.301532261299840
2012-07-01,CP,0,-6.762805333824033,3.520043685673999,-1.548168939990097,-2.128987703964667,-0.157112958280764,-7.197200329628762
2012-08-01,CP,1,-6.729663338968138,2.712182045195648,-1.844902620655705,-2.066453983494913,-1.199174558954971,-6.623538649346266
2012-09-01,CP,0,-6.682608849571783,3.021488105551082,-2.517839735962077,-2.767626863788691,-2.263978494199686,-8.306954705301850
2012-10-01,CP,0,-5.715480073505177,3.157559477036972,-3.162539291510806,-3.377879913535728,-3.382859728009563,-9.697978682083507
2012-11-01,CP,0,-5.494381023129315,3.791874529063110,-3.287333566628298,-4.069317288160308,-3.564776325725496,-11.148525383851716
2012-12-01,CP,0,-6.347614989499788,2.929352675170342,-3.579498548766881,-4.132384679306477,-4.782530552903015,-10.641235903243700
2013-01-01,CP,-1,-6.921635279533590,4.336591174652058,-4.245818732844294,-4.837897068507903,-4.747124626700138,-13.420306976004255
2013-02-01,CP,-1,-8.370932120615146,3.223199831152253,-2.890393822446630,-3.482247832624532,-3.149441823918909,-9.595841486223415
2013-03-01,CP,0,-6.525489706928500,2.668059028557065,-4.714843072683101,-4.341978728900318,-6.388762773026355,-11.724880830140485
2013-04-01,CP,0,-7.410670299867735,2.911981067507475,-2.135829998428605,-2.180664657897620,-1.404513588818749,-7.228475723833699
2013-05-01,CP,0,-7.202783114514575,2.712544062910926,-1.496634122563248,-1.777754336896548,-0.561844396548871,-5.986932522370722
2013-06-01,CP,0,-6.661148328371297,3.441826053884681,-1.489313997866968,-2.046719278551401,-0.094207222533688,-6.977859330303050
2013-07-01,CP,0,-6.343730438417612,3.006081093509667,-1.357174410066792,-1.907132206687781,-0.258225523244906,-6.270387710264240
2013-08-01,CP,0,-6.174890260010694,2.732660830317684,-2.032711494068799,-2.325880027103197,-1.625930690854312,-7.091252351489679
2013-09-01,CP,0,-7.207471814883989,2.251685017455982,-2.735905675003509,-2.871818486268050,-3.356039143815577,-7.859409178727541
2013-10-01,CP,0,-6.178933358569037,3.110802181971639,-3.338382436294578,-3.863633163136430,-4.091213417459369,-10.312817781402646
2013-11-01,CP,0,-5.634882341816036,3.530740734225521,-2.585273964855562,-3.276148163613947,-2.330681394243988,-9.392162862695029
2013-12-01,CP,0,-6.965237082346396,2.477397841296876,-2.963119785297958,-3.218520453999653,-3.704242398000735,-8.659038080594486
2014-01-01,CP,-1,-7.404207931288284,3.064904335511697,-3.687175054658820,-3.659993486721536,-4.282264205868660,-10.412072876892054
2014-02-01,CP,-1,-7.316060421256514,2.837249452948745,-4.056861232568230,-4.418043307762172,-5.637655087381658,-11.312153993279148
2014-03-01,CP,0,-6.065945476516892,3.400281410610997,-4.445518665629570,-5.132107835149457,-6.177345090168029,-12.977907911390023
2014-04-01,CP,0,-5.539247409956422,3.249023573089696,-4.497496348112673,-4.633942280439308,-5.882415055462285,-12.380462201641677
2014-05-01,CP,0,-6.014137982148054,3.754024433718246,-1.663136728354260,-2.050727286177776,0.040160419186209,-7.467888448250282
2014-06-01,CP,0,-5.634421335570512,4.231751031520354,-1.976670856654857,-2.349975031823383,-0.094894856957886,-8.558396919998595
2014-07-01,CP,0,-6.402077025204973,3.212041368969346,-2.497775221031930,-2.701394376730505,-1.987128228793089,-8.411210966731781
2014-08-01,CP,0,-6.336352335219852,2.623590591992556,-2.187802508818065,-2.484265127355646,-2.048477044181156,-7.295658228166268
2014-09-01,CP,0,-6.233962486483051,2.949775281790486,-2.528987439994714,-2.844061432258449,-2.423273590462677,-8.322824154043648
2014-10-01,CP,1,-5.427953850699265,3.554490180408438,-2.999259213008378,-3.340159269102564,-2.784928301702503,-9.893908662519380
2014-11-01,CP,1,-4.903320481276407,4.075015401208246,-2.814712887974777,-3.516207197963991,-2.255904684730522,-10.405935487147014
2014-12-01,CP,1,-6.276475819175245,3.618434483895621,-3.195187699463028,-4.137057434995386,-3.713810650562793,-10.950679618354034
2015-01-01,CP,1,-7.430724926003442,3.910111426966771,-2.999959073200469,-3.824748706913457,-2.914596353147155,-10.734819207080697
2015-02-01,CP,0,-6.980269035469449,3.191859969667918,-3.484118363577843,-3.865246655554919,-4.157505049464843,-10.541224988800680
2015-03-01,CP,1,-5.437452224980707,4.133080466336897,-5.192418670106894,-6.126638403640795,-7.185976607410792,-15.452137540084586
2015-04-01,CP,1,-4.540846903158971,3.596414597948686,-4.207672202049544,-4.390746519581653,-5.002004123682511,-12.194833319579885
2015-05-01,CP,1,-5.257874349529001,3.919496618317469,-2.976365507179351,-3.676161052523001,-2.733029941384883,-10.572023178019821
2015-06-01,CP,1,-5.438533363422633,4.370732516511905,-2.161261034135395,-2.852052916042076,-0.642581433665566,-9.384046466689375
2015-07-01,CP,1,-5.096851151903473,2.654232446259544,-2.805817385431458,-3.065763906419047,-3.217348845590961,-8.525813738110049
2015-08-01,CP,1,-5.578432113367316,3.593385645231644,-2.963424767330331,-3.427166389773587,-2.797205511872274,-9.983976802335562
2015-09-01,CP,1,-5.617824852691965,3.541080849538503,-3.719016803401577,-4.466593255061685,-4.644529208924759,-11.726690908001764
2015-10-01,CP,1,-6.023657218571882,2.992075218198583,-4.229532844797546,-4.691138637206704,-5.928596263805666,-11.912746700202831
2015-11-01,CP,1,-4.613143234158693,3.922644578408055,-3.916462333334693,-4.993128447736785,-4.986946202663423,-12.832235359479533
2015-12-01,CP,1,-4.550188297844038,4.981170191548119,-4.114268486296123,-5.760444170173631,-4.893542464921635,-14.855882848017874
2016-01-01,CP,1,-6.008538534958410,5.470933987073476,-3.432803178143659,-5.087833117268945,-3.049702308339128,-13.991570282486080
2016-02-01,CP,1,-6.190007970745686,4.165692771144234,-5.845187160570547,-6.879248625429957,-8.558743014856271,-16.890128557144738
2016-03-01,CP,1,-6.753948947793752,3.749716180152525,-4.104469843034445,-4.523458729312612,-4.878212392194532,-12.377644752499581
2016-04-01,CP,1,-6.629083193661946,3.729472880744650,-3.103197486557862,-3.846769651461742,-3.220494257274953,-10.679440018764254
2016-05-01,CP,0,-6.177206367575000,3.357675928734446,-2.094078410256598,-2.738703993283701,-1.475106474805853,-8.190458332274744
2016-06-01,CP,0,-5.554442645850341,4.403638744716930,-1.234633962528157,-2.211178711855685,0.957826070333087,-7.849451419100773
2016-07-01,CP,-1,-5.930043514150358,3.327088392099242,-1.443099570519565,-2.171429228901928,-0.287440407322252,-6.941617191520735
2016-08-01,CP,-1,-6.602743694291934,2.492702638459797,-2.185822331614423,-2.174468570944330,-1.867588264098957,-6.852993541018551
2016-09-01,CP,-1,-6.953185891533566,2.407648113549569,-2.232909452770227,-2.662568942912917,-2.487830282133574,-7.303126509232714
2016-10-01,CP,-1,-7.146165490201923,2.714531131322012,-2.383294944692698,-3.053596031639823,-2.722359845010510,-8.151422107654533
2016-11-01,CP,-1,-6.411201270046619,2.782774819033758,-3.015813911773751,-3.495871128223751,-3.728910220963744,-9.294459859031260
2016-12-01,CP,-1,-6.332357531125056,3.466692054576778,-2.841646294599416,-3.364344932803348,-2.739299172825986,-9.672683281979541
2017-01-01,CP,0,-7.822110323653464,2.653797067327828,-2.430594504670122,-2.955385145460512,-2.732182582802806,-8.039776717458462
2017-02-01,CP,0,-6.859522877558217,3.021210906424870,-2.772177010050064,-3.093511941223170,-2.844478044848365,-8.886899857698104
2017-03-01,CP,0,-7.004326404773884,2.361860175459452,-2.410845165246712,-2.567932641370863,-2.616917631158122,-7.340637982077027
2017-04-01,CP,0,-6.845376399377087,2.944733518144700,-2.432802703184376,-3.059142077431157,-2.547211262470833,-8.436678298760233
2017-05-01,CP,0,-6.587496391445374,2.964049277426708,-1.702743065896891,-2.202923284938321,-0.941617073408503,-6.869715628261920
2017-06-01,CP,0,-5.640199456730064,3.325072469412389,-1.254997866093186,-1.917847595275605,0.152227008043597,-6.497917930781179
2017-07-01,CP,0,-6.004934578827678,3.459069034129702,-1.222650089261688,-1.904205234705268,0.332213710162746,-6.585924358096657
2017-08-01,CP,0,-6.566358210659303,3.042464130657220,-1.899080945900840,-2.252934506119544,-1.109551321363165,-7.194479582677603
2017-09-01,CP,0,-6.952714854779348,2.292700047199522,-2.214092061452773,-2.480667064326498,-2.402059078579748,-6.987459172978793
2017-10-01,CP,-1,-6.803127318190180,2.338888895971590,-3.094813053250048,-3.657534652506664,-4.413458809785121,-9.091236601728301
2017-11-01,CP,-1,-6.954172824354422,2.348275526160512,-3.004933010604056,-3.375934551090854,-4.032592035534398,-8.729143087855421
2017-12-01,CP,-1,-7.729532138360044,3.260599046050398,-2.576995698294291,-3.394315505943305,-2.710712158187198,-9.231910250287994
2018-01-01,CP,-1,-8.084497786854993,2.235065873365792,-2.412926882599777,-2.767367474603158,-2.945228483837143,-7.415360230568727
2018-02-01,CP,-1,-6.828758997306045,4.062606703606063,-3.704089795618652,-4.769691588676654,-4.411174680689244,-12.536388087901370
2018-03-01,CP,-1,-6.624541241496788,2.538531535524813,-4.233944767855321,-4.566697431090826,-6.262110663421334,-11.339173734470959
2018-04-01,CP,-1,-5.697953945872765,2.765342933565170,-3.348458519958952,-3.661350944311278,-4.244466530705060,-9.775152397835400
2018-05-01,CP,0,-6.158368337092850,2.528919721789716,-2.597580566663413,-2.900669560617010,-2.969330405490707,-8.027169849070139
2018-06-01,CP,0,-6.004301553468444,2.510747644876989,-1.981409096292774,-2.418182599507719,-1.888844050923504,-6.910339340677481
2018-07-01,CP,0,-5.832399010348929,2.942337174766737,-2.142804415254523,-2.562621336576698,-1.763088577064484,-7.647762926597958
2018-08-01,CP,0,-5.955698009210971,2.610912515666599,-2.213551589932290,-2.455900232178726,-2.058539306444417,-7.280364337777615
2018-09-01,CP,1,-5.508180738108301,3.231951985520133,-2.651757410287226,-3.392032832433067,-2.811838257200160,-9.275742228240427
2018-10-01,CP,1,-4.987514957094429,3.293127438731396,-2.351987512317836,-2.898441795826296,-1.957301869412736,-8.543556746875529
2018-11-01,CP,1,-5.186856333341835,4.052121436577697,-3.155024571633529,-4.043217356022331,-3.146120491078163,-11.250363364233557
2018-12-01,CP,1,-5.906744522470280,3.378275148920706,-3.586972744798629,-4.480997032922867,-4.689694628800789,-11.446244926642201
2019-01-01,CP,1,-6.931230522582689,4.705518555749564,-3.173053611089770,-3.996273829749223,-2.463808885089429,-11.874845996588558
2019-02-01,CP,1,-5.732135270933084,4.354774418430068,-4.593889887733687,-6.547000863677678,-6.786116332981297,-15.495665169841434
2019-03-01,CP,1,-6.029284513511425,2.893142416284209,-4.743015604027897,-5.481740567868409,-7.331613755612096,-13.117898588180516
2019-04-01,CP,1,-6.060713823960084,3.750597902889515,-2.732588358296222,-3.271189939707331,-2.253180395114038,-9.754376200893068
2019-05-01,CP,1,-5.145921943881414,3.453288458638094,-2.564920593211952,-3.185356538053158,-2.296988672627016,-9.203565589903203
2019-06-01,CP,1,-5.804787127308478,3.622955933928015,-1.697519024535644,-2.190245201349295,-0.264808291956924,-7.510720159812953
2019-07-01,CP,0,-4.603969307260386,4.013142535984270,-1.578831223289139,-2.413947740897725,0.020363571797406,-8.005921500171134
2019-08-01,CP,0,-5.475777943237934,3.008440504362937,-2.669038912384073,-3.176068038187993,-2.836666446209129,-8.853547454935004
2019-09-01,CP,0,-5.864151295099849,2.599123232837337,-2.618894647412749,-3.524156664747743,-3.543928079323155,-8.742174544997829
2019-10-01,CP,1,-4.984299790439962,3.107034308024879,-2.358764694793536,-3.112786516914932,-2.364516903683589,-8.578585519733346
2019-11-01,CP,1,-5.057480017427651,3.344956818086333,-3.376729009091818,-4.024409598459529,-4.056181789465013,-10.746095425637678
2019-12-01,CP,1,-5.245697919372413,4.030291184399479,-3.323724289957463,-4.337791249561660,-3.631224355119644,-11.691806723918601
2020-01-01,CP,1,-5.849337964574306,4.294531209181462,-4.126183853521925,-5.231329541818626,-5.062982186159090,-13.652044604522011
2020-02-01,CP,0,-6.545436144749078,3.673653339843746,-5.014095657956499,-6.299608724557872,-7.640051042670625,-14.987357722358116
2020-03-01,CP,1,-6.347961529657788,2.773990444403393,-3.771723389356961,-3.867868884206850,-4.865601829160417,-10.413582717967204
2020-04-01,CP,0,-5.998134405297725,2.784421925932938,-2.906574174293439,-3.252514137022239,-3.374666385382739,-8.943510237248617
2020-05-01,CP,0,-7.476806153744060,2.977704717800072,-1.975530366074123,-2.481813837231264,-1.479639485505315,-7.435048921105459
2020-06-01,CP,0,-6.457346891157950,3.400223225020223,-1.065077769772414,-1.894060110812404,0.441085344435405,-6.359361105605041
2020-07-01,CP,0,-5.643314201314387,3.392008280200481,-1.345783554642243,-1.930741799753949,0.115482925804289,-6.668533634596674
2020-08-01,CP,-1,-6.922234754027343,2.317787973000372,-1.888968509081836,-2.458204738585486,-2.029385274666951,-6.664961220667695
2020-09-01,CP,-1,-6.732932145070688,2.534633180198544,-2.371776896596808,-2.819115848183857,-2.656259564582121,-7.725525924979210
2020-10-01,CP,-1,-7.791514112194179,2.237084287570447,-2.675955382385226,-3.205750546890051,-3.644621641704830,-8.118790216845724
2020-11-01,CP,-1,-7.682038596055866,2.667637730841673,-2.462291264574961,-3.160726419494172,-2.955379953227461,-8.290655414910805
2020-12-01,CP,-1,-8.129283857650053,1.868173087043673,-2.871820985372555,-3.021550209856143,-4.025198108185024,-7.761544282272371
2021-01-01,CP,-1,-9.276925324161908,1.445538697814132,-2.241717976616647,-2.576809978218364,-3.372989257020878,-6.264066652649143
2021-02-01,CP,-1,-8.369168753712989,2.536757549869399,-3.509650882304464,-3.808446568880929,-4.781339901315993,-9.854855001054792
2021-03-01,CP,-1,-7.199452125765385,1.735713656693669,-3.747452616253957,-3.527503646725758,-5.539242606286047,-9.010669919673385
2021-04-01,CP,-1,-6.619172122840213,2.422881447693498,-3.980321945985983,-3.715439444815686,-5.272879943108171,-10.118642838495168
2021-05-01,CP,-1,-6.939531937732246,3.084444890977196,-2.386394586131443,-2.723255016036669,-2.025204711190915,-8.194094493145307
2021-06-01,CP,0,-6.370385733128883,2.897375215225301,-1.191529559244083,-1.803152586325460,-0.097306930344242,-5.892057360794844
2021-07-01,CP,0,-6.238111405494988,3.019827702651933,-1.804602306468870,-2.102758539990562,-0.887533143807500,-6.927188549111365
2021-08-01,CP,-1,-6.769938232166025,2.086586475533905,-1.826550015653388,-2.144961562963481,-1.884925103082964,-6.058098054150774
2021-09-01,CP,-1,-6.988048292268643,1.851734361286054,-2.418063643501964,-2.429928093832318,-2.996257376048228,-6.699726098620335
2021-10-01,CP,-1,-7.760784691509219,2.204688353610628,-2.524026278732694,-3.183424203405892,-3.502762128527958,-7.912138835749214
2021-11-01,CP,-1,-7.038850701534031,2.494089718792749,-2.588568862091215,-3.315604540129918,-3.410083683428384,-8.398263121013882
2021-12-01,CP,-1,-7.433987499600622,2.380527958665116,-3.639685880571411,-3.523478374416222,-4.782636296322517,-9.543692213652749
2022-01-01,CP,-1,-7.451427166668494,2.866823239919098,-3.301537465112961,-3.972313317362393,-4.407027542556255,-10.140674022394451
2022-02-01,CP,-1,-8.556983425954124,1.655504454243951,-3.164713768838966,-3.050207072947959,-4.559416387542974,-7.870425296030877
2022-03-01,CP,-1,-7.851054786008927,2.277579926034589,-2.184764781778507,-2.693634695053717,-2.600819550797635,-7.155979402866812
2022-04-01,CP,-1,-7.128139853440417,2.186175944843856,-2.618980486377968,-2.751611878963900,-3.184416420498013,-7.556768310185724
2022-05-01,CP,-1,-7.150135584988224,2.698524917570129,-1.963752959112201,-2.353426797764225,-1.618654839306298,-7.015704674446555
2022-06-01,CP,-1,-5.820450305672269,2.534140892192086,-1.472886528873841,-2.190514572749804,-1.129260209431560,-6.197541993815731
2022-07-01,CP,-1,-7.062046576315385,2.315593406007237,-2.061624005600859,-2.141103866596375,-1.887134466189997,-6.518321278204471
2022-08-01,CP,-1,-7.616368882690619,1.583611965880668,-1.742237930755909,-1.934750923263126,-2.093376888138367,-5.260600819899704
2022-09-01,CP,-1,-8.249146092584068,1.602122083498309,-1.952667828019729,-2.200878459671810,-2.551424204193229,-5.755668371189848
2022-10-01,CP,-1,-7.991194073061224,2.129996473644459,-2.075591151489490,-2.518495542709616,-2.464090220554647,-6.724083167843565
2022-11-01,CP,-1,-6.739107570468755,2.051313081711084,-2.351256050574066,-2.894234580513119,-3.194177549376101,-7.296803712798268
2022-12-01,CP,-1,-7.896450469053660,2.066197671937371,-2.165417122177332,-2.555442140229367,-2.654661590469327,-6.787056934344069
2023-01-01,CP,-1,-8.549090879794798,1.722399079268875,-2.659991815099932,-2.802665443137502,-3.740258178968559,-7.185056337506309
2023-02-01,CP,-1,-8.516713061533400,2.113538501652776,-2.698174922624364,-3.662507866360927,-4.247144287332515,-8.474221290638067
2002-07-01,EP,1,-19.721841911536472,0.977911368070572,-2.564485330322344,-2.964099856041608,-4.550673818293379,-6.506496554434523
2002-08-01,EP,1,-25.100921294824968,0.960635988555211,-2.275870276643503,-2.600788777011178,-3.916023065099470,-5.837295042209892
2002-09-01,EP,1,-23.388198914389466,1.030517679609497,-2.295879421302932,-2.301037404491400,-3.566399146184836,-5.627434505403829
2002-10-01,EP,1,-24.870106279977975,0.984858148553019,-1.829797848134267,-2.076063137571476,-2.921002837152723,-4.890719134258762
2002-11-01,EP,1,-22.353772631761004,1.528198576217425,-1.284055140302475,-1.635576220941600,-1.391432785026650,-4.447829937461499
2002-12-01,EP,1,-21.720367144042058,1.175130111549280,-1.402815591793499,-1.706960794873539,-1.934646275117758,-4.284906498216319
2003-01-01,EP,1,-20.854023548735491,1.041872427509785,-0.920111309499259,-1.266628278684793,-1.144867160674267,-3.228612015693836
2003-02-01,EP,1,-16.989488397622914,0.743356061793587,-1.097675657445796,-1.134382032306403,-1.488701627958612,-2.975413751545787
2003-03-01,EP,0,-13.941625208905570,1.026597279932370,-1.532617714510367,-1.805879614632256,-2.311900049210253,-4.365094609074992
2003-04-01,EP,0,-13.705743645831527,1.373838101162491,-1.918583351049114,-1.996760884116287,-2.541506134002911,-5.289182336327892
2003-05-01,EP,-1,-16.547895859995677,1.048553518367102,-1.928768213718910,-2.263233608718014,-3.143448304069823,-5.240555340804026
2003-06-01,EP,0,-17.536734147659079,1.114195065570182,-2.086145706803927,-2.272680091415688,-3.244630732649433,-5.473020863789797
2003-07-01,EP,0,-18.533476873260494,0.792416955262423,-2.188127198828653,-2.393270844511679,-3.788981088077910,-5.373814998602755
2003-08-01,EP,0,-23.850707791398094,0.712767487154614,-2.312465306369922,-2.543766605268633,-4.143464424483941,-5.568999398793168
2003-09-01,EP,0,-23.400193264245871,1.039983175659482,-2.057518693716442,-2.135894382813894,-3.153429900870855,-5.233396252189818
2003-10-01,EP,0,-23.978518816602605,0.791420512925160,-1.595512076738251,-1.701660659805737,-2.505752223618828,-4.088593249469148
2003-11-01,EP,0,-23.611726250929529,1.104705869129658,-1.220095916818218,-1.479718335084440,-1.595108382773000,-3.804520121032316
2003-12-01,EP,0,-20.268712634873321,1.115987666684125,-0.808083527560361,-1.189093358043495,-0.881189218919731,-3.113164552287981
2004-01-01,EP,0,-16.371745374746787,1.064972356520523,-0.942240104758574,-1.169560810854415,-1.046828559092466,-3.176773272133511
2004-02-01,EP,0,-15.416692202539744,0.821284924524071,-1.047484232458466,-1.232121042297405,-1.458320350231800,-3.100890199279942
2004-03-01,EP,0,-14.252579836848721,1.558982425793875,-1.703984360117346,-2.130457974432074,-2.275459908755545,-5.393424760343295
2004-04-01,EP,0,-12.749343625860552,1.797844013404968,-1.652517018317091,-2.050122894522887,-1.904795899435010,-5.500483926244945
2004-05-01,EP,0,-15.192102020968290,1.252881384452791,-2.151205355764230,-2.359967913512175,-3.258291884823614,-5.764054653729196
2004-06-01,EP,0,-18.714788298185368,1.016126229186271,-1.841795717823151,-2.188455781047609,-3.014125269684488,-5.046377728057031
2004-07-01,EP,1,-18.995549553026741,1.218611249084058,-2.082229188849120,-2.452680776881774,-3.316298716646836,-5.753521214814953
2004-08-01,EP,1,-25.883274970496338,0.883684682221621,-2.354680413076820,-2.582106278912152,-4.053102009767351,-5.820471374210593
2004-09-01,EP,1,-23.518028843693408,0.934050470189265,-2.163937971567872,-2.090253444609610,-3.320140945988217,-5.188241886366747
2004-10-01,EP,1,-23.856471083531837,0.849308014832153,-1.719721290300658,-1.621158663873021,-2.491571939341525,-4.190187969005832
2004-11-01,EP,1,-22.333972672758360,1.284664304607704,-1.066511978886316,-1.447191047240838,-1.229038721519450,-3.798367330734859
2004-12-01,EP,1,-19.977634140120479,1.111388488794273,-1.090582261481379,-1.543542477904188,-1.522736250591295,-3.745513228179841
2005-01-01,EP,1,-17.839607462415469,0.769900038590020,-0.749519636849799,-1.030365418304278,-1.009985016564056,-2.549785093744097
2005-02-01,EP,0,-16.051459510773974,0.778771335835421,-1.191888966326299,-1.096576988629790,-1.509694619120667,-3.067237290791510
2005-03-01,EP,1,-13.359509430561774,0.984636072202653,-1.406270706638807,-1.579059017527935,-2.000693651964089,-3.969965796369396
2005-04-01,EP,0,-13.879329544086163,1.476643096783750,-2.050501344657179,-2.213665358207630,-2.787523606081059,-5.740809799648559
2005-05-01,EP,0,-13.532236418707244,1.701792930996721,-1.712124258732569,-2.118931580669073,-2.129262908404921,-5.532848770398362
2005-06-01,EP,0,-17.372721781487343,1.271245121217521,-1.903751994468051,-2.210477480051702,-2.842984353302231,-5.385474595737273
2005-07-01,EP,0,-20.261378283523651,0.954306207338382,-2.004464960258328,-2.164933201031937,-3.215091953951884,-5.123704368628648
2005-08-01,EP,0,-23.150349053396319,0.789992848342331,-2.404463635133913,-2.514870260266798,-4.129341047058380,-5.709326743743042
2005-09-01,EP,0,-24.478000385813427,0.857249552975001,-2.559411032261980,-2.615111817377634,-4.317273296664613,-6.031772402614614
2005-10-01,EP,0,-25.545541621141926,0.707678060488904,-1.359940769132992,-1.368901941750636,-2.021164650394724,-3.436520771372533
2005-11-01,EP,-1,-25.682528841004583,1.037572933802267,-1.004121794010148,-1.315659730510411,-1.282208590718291,-3.357354458322826
2005-12-01,EP,-1,-19.949074322068938,0.926583962370676,-0.780344433917878,-0.974112839366633,-0.827873310913835,-2.681041235655187
2006-01-01,EP,-1,-15.734594129412672,1.022126661164009,-1.212771749469926,-1.393624977703407,-1.584270066009324,-3.628523388337342
2006-02-01,EP,-1,-14.838555268056345,0.942438792173997,-1.135638146961106,-1.196048866263135,-1.389248221050244,-3.274125805398238
2006-03-01,EP,-1,-12.809565058828740,1.311871020858070,-1.445042426613683,-1.585591158541178,-1.718762564296790,-4.342504606012930
2006-04-01,EP,0,-13.208032496595839,1.838234503160022,-1.609867733045503,-1.813336797370104,-1.584970027255586,-5.261439033575629
2006-05-01,EP,0,-13.259527605517414,1.483561124525079,-2.002840077052252,-2.334448722590936,-2.853727675118109,-5.820849924168268
2006-06-01,EP,0,-18.271534764906864,1.167918928680241,-2.182318552600518,-2.301125198894328,-3.315524822814605,-5.651362680175088
2006-07-01,EP,0,-17.949405169341944,0.961570813485472,-2.602204545428861,-2.767146400140215,-4.407780132083604,-6.330921759054548
2006-08-01,EP,0,-22.096701061677486,0.845076654751334,-2.151042300297574,-2.372586104233785,-3.678551749780026,-5.368705059282694
2006-09-01,EP,1,-22.651708433730381,0.815019887479875,-2.210409111920082,-2.284028647669796,-3.679417872110003,-5.309457647069753
2006-10-01,EP,1,-20.881881696610542,1.178012387511540,-2.168337040842573,-2.285359895058313,-3.275684548389346,-5.631709323412426
2006-11-01,EP,1,-19.235686777363398,1.116643241479881,-1.420581248435630,-1.765796375855573,-2.069734382811321,-4.303020865771083
2006-12-01,EP,1,-20.003224178598302,1.330974641357023,-1.027915862809870,-1.370391595004462,-1.067332816457309,-3.729282099171355
2007-01-01,EP,1,-19.287508640171136,0.927227987829525,-1.237602702890160,-1.243777839233771,-1.554152554294406,-3.408608529953456
2007-02-01,EP,0,-14.795472296888407,1.002834690515722,-1.133070134327794,-1.172900541228797,-1.303135985040870,-3.308805366072313
2007-03-01,EP,0,-13.626065114496667,1.235049007237938,-1.761334866098635,-1.763634420993105,-2.289920279853803,-4.760018294329678
2007-04-01,EP,0,-13.490204145260790,1.511573415588562,-2.111217828029715,-2.046425447403480,-2.646069859844633,-5.669216691021757
2007-05-01,EP,-1,-16.013629139034379,1.526609021547174,-1.950682270207813,-2.329944009713301,-2.754017258373940,-5.807235301468287
2007-06-01,EP,0,-17.819343537709955,1.085078223170451,-1.820259526952964,-1.902010565800341,-2.637191869582855,-4.807348315923756
2007-07-01,EP,-1,-21.069399627855827,0.758549646591577,-1.970693380561131,-2.195161278346608,-3.407305012316162,-4.924404305499316
2007-08-01,EP,-1,-24.989206260977898,0.490707299993505,-2.624641919686043,-2.562261667176660,-4.696196286869198,-5.677610886856209
2007-09-01,EP,-1,-30.157385897690567,0.472894562532583,-1.733196581311862,-1.849044399487112,-3.109346418266391,-4.055135543331557
2007-10-01,EP,-1,-29.279057983773914,0.458216610847255,-1.366543668403441,-1.288880016563277,-2.197207074119463,-3.113640295813974
2007-11-01,EP,-1,-31.168675551932271,1.154262940784625,-0.867392767664798,-1.134759499430966,-0.847889326311138,-3.156415207880388
2007-12-01,EP,-1,-25.299505014862810,0.672526878328575,-0.725471332575945,-0.853993714831629,-0.906938169078999,-2.251991925736148
2008-01-01,EP,-1,-19.862565206987206,0.884077460760904,-0.769817980379906,-0.660482041890222,-0.546222561509224,-2.314377483031032
2008-02-01,EP,-1,-13.952316976592275,1.080309705052319,-1.209032567114766,-1.328546994615230,-1.457269856677677,-3.617889266782314
2008-03-01,EP,-1,-13.135263293887407,1.312966993490945,-2.124943000597775,-1.922385018560801,-2.734361025667630,-5.360295012649521
2008-04-01,EP,-1,-11.710146236952543,1.612714959934824,-2.017242263947667,-1.932087446765338,-2.336614750778182,-5.562044670647829
2008-05-01,EP,-1,-12.514497448862858,1.622685626976006,-1.979374135655819,-2.097865043297844,-2.454553551977656,-5.699924805929668
2008-06-01,EP,-1,-16.344239652417468,1.145181889135509,-1.944811513823891,-2.359560660568596,-3.159190285256979,-5.449554063527997
2008-07-01,EP,0,-16.557854533695693,1.186106872474059,-2.376146476580427,-2.564118183420100,-3.754157787526468,-6.126371532474585
2008-08-01,EP,0,-19.435289158817714,0.717710067069716,-2.951518062249300,-2.954870812932800,-5.188678808112384,-6.624098942251816
2008-09-01,EP,0,-22.247792681642295,1.084394670586398,-2.783736190456227,-2.453442936765053,-4.152784456634881,-6.321573797807678
2008-10-01,EP,0,-24.540436966079138,0.696461357989695,-2.045275978176904,-2.162858704567768,-3.511673324754977,-4.904596040734368
2008-11-01,EP,-1,-25.860920013858230,0.950096105922182,-1.052547383680758,-1.390467268367858,-1.492918546126434,-3.393110757970798
2008-12-01,EP,-1,-19.135032908397847,1.105354127799606,-0.567636188152445,-0.816860872244281,-0.279142932597121,-2.489851188196333
2009-01-01,EP,-1,-15.059139451027114,1.097940074359925,-0.683304538469899,-0.862337875926336,-0.447702340036310,-2.643582488756161
2009-02-01,EP,-1,-15.031858780927800,0.919288283407784,-1.364627752482156,-1.226539918033554,-1.671879387107926,-3.510455953923495
2009-03-01,EP,-1,-11.450945101788246,1.117391021208213,-1.729166842794726,-1.657241245771718,-2.269017067358231,-4.503799109774658
2009-04-01,EP,0,-11.681609941233640,1.531802871397328,-1.579394939775951,-1.733979138215006,-1.781571206593629,-4.845176949388286
2009-05-01,EP,0,-11.157412199366062,1.505973901590919,-1.615558058161748,-1.877505562963991,-1.987089719534820,-4.999037522716659
2009-06-01,EP,0,-13.869294237359799,1.680265191116516,-2.160590069712608,-2.423308817936135,-2.903633696532227,-6.264164078765260
2009-07-01,EP,1,-18.312980070927850,1.007116687535637,-2.413158150119760,-2.493287831788418,-3.899329294372541,-5.913562669443815
2009-08-01,EP,1,-20.671512316817935,0.899244071458183,-3.001520264301814,-2.973328153278664,-5.075604346122295,-6.874092489038661
2009-09-01,EP,1,-24.991405277973104,0.836988398093442,-2.067536236226034,-2.195023945525560,-3.425571783658151,-5.099548579845036
2009-10-01,EP,1,-24.075885931745471,1.020192157510093,-2.086302954040774,-2.263251202491330,-3.329361999022011,-5.369746314042198
2009-11-01,EP,1,-25.596796961317335,1.274641485373351,-1.173381203718076,-1.409480660736087,-1.308220379080812,-3.857503349827515
2009-12-01,EP,1,-23.324962539516072,1.150770310579658,-1.025145776434411,-1.359418935085456,-1.233794400940209,-3.535335022099525
2010-01-01,EP,1,-22.251305662813252,0.855715157068758,-0.880414101572841,-1.101901869775645,-1.126600814279729,-2.838031128417245
2010-02-01,EP,1,-18.140334939376842,1.497955352679901,-2.433033741246899,-2.345156578902992,-3.280234967469990,-6.276145672829793
2010-03-01,EP,1,-15.583100390036687,1.598655749929868,-2.535559928413595,-2.367990158556948,-3.304894337040674,-6.502205836900411
2010-04-01,EP,0,-13.981823147289509,1.730012706017199,-2.620058535255945,-2.699925198853930,-3.589971028092676,-7.049996440127074
2010-05-01,EP,0,-15.676351290311187,1.306303461126554,-2.241219460530686,-2.376736789550288,-3.311652788954420,-5.924259711207528
2010-06-01,EP,-1,-18.752089588654297,0.862324743203374,-2.544819693559938,-2.609873458093764,-4.292368408450328,-6.017017894857075
2010-07-01,EP,-1,-21.310889112527352,0.769339179466823,-2.372270487551590,-2.234767184101761,-3.837698492186528,-5.376376851120174
2010-08-01,EP,-1,-26.288521459950697,0.610994338012287,-3.034793857353280,-2.792459093824644,-5.216258613165636,-6.438247289190211
2010-09-01,EP,-1,-27.234701318790570,0.574148481113691,-3.025278459669220,-2.395080572096515,-4.846210550652044,-5.994507512879425
2010-10-01,EP,-1,-30.766096634964587,0.523002006934338,-1.234946256516779,-1.073862839898913,-1.785807089481354,-2.831811103350029
2010-11-01,EP,-1,-26.837118515134065,0.752359156431809,-1.074114999827465,-1.114917348197568,-1.436673191593224,-2.941391504456842
2010-12-01,EP,-1,-23.961533889706960,0.740157925933877,-0.679226753926459,-0.660351341961865,-0.599420169954448,-2.079736021822202
2011-01-01,EP,-1,-18.753285923844903,0.949533739887817,-1.066250541110499,-1.083172635137651,-1.199889436360334,-3.098956916135967
2011-02-01,EP,-1,-15.316835158001547,0.733823094636472,-0.986399112518785,-0.886342825115712,-1.138918842998025,-2.606565032270969
2011-03-01,EP,-1,-13.005597100081223,1.210006860746622,-1.445199717538486,-1.484942788282070,-1.720135645073935,-4.140149366567178
2011-04-01,EP,-1,-13.147489135796325,1.740620505088258,-2.125713488045294,-1.856186097622455,-2.241279080579490,-5.722520090756007
2011-05-01,EP,-1,-14.239388459789758,1.561014755263950,-2.261943406316944,-2.414927346847038,-3.115855997900032,-6.237885508427932
2011-06-01,EP,0,-18.241694815042187,1.197609046337193,-2.002556620871502,-2.043183968793233,-2.848131543327542,-5.243349636001927
2011-07-01,EP,0,-17.699718996857133,0.939943243149511,-2.602342058263242,-2.537807988059347,-4.200206803173078,-6.080093289472100
2011-08-01,EP,-1,-24.551212066664682,0.522698556119300,-2.339417748010933,-2.288696675075621,-4.105415866967253,-5.150812979205853
2011-09-01,EP,-1,-28.259162020529132,0.528674348212460,-2.300094370382545,-2.117408924662687,-3.888828946832773,-4.946177643257692
2011-10-01,EP,-1,-23.019675949577834,0.771729541523452,-1.764507467819141,-1.574813183593052,-2.567591109888741,-4.111050192935645
2011-11-01,EP,-1,-26.061561412989199,0.823459746971526,-0.988382296083243,-1.017464858270201,-1.182387407381917,-2.829306901324969
2011-12-01,EP,-1,-23.643551650089162,1.089361387978350,-0.767815350733019,-1.028056406206139,-0.706510368960808,-2.885233144917508
2012-01-01,EP,-1,-14.863549509502537,0.870343464408243,-1.020148909384886,-0.939722884844425,-1.089528329821069,-2.830215258637554
2012-02-01,EP,-1,-12.570916513333223,0.961258943402040,-1.896798640094966,-1.523348446743940,-2.458888143436866,-4.381406030240947
2012-03-01,EP,-1,-13.013596723649227,1.354614592624397,-1.738435615731354,-1.605751381899920,-1.989572405006877,-4.698801590255671
2012-04-01,EP,-1,-10.852373817815058,2.397306208263686,-2.141874029475652,-2.163815144754545,-1.908382965966511,-6.702995382493883
2012-05-01,EP,0,-12.597453732984835,1.401553383324356,-1.956415292409680,-2.128761258474232,-2.683623167559556,-5.486729934208268
2012-06-01,EP,0,-14.174584519643178,1.449519657393846,-2.061175725895962,-2.062030757076088,-2.673686825578204,-5.572726140365895
2012-07-01,EP,0,-18.127821045800985,1.033390982820839,-2.406911482241937,-2.535664581008943,-3.909185080430041,-5.975967046071720
2012-08-01,EP,1,-21.526619540442606,1.117269803995933,-2.697083007373080,-2.742533887457797,-4.322347090834944,-6.556886698826810
2012-09-01,EP,0,-24.991562895272583,0.708242030864201,-2.137950578213938,-2.108473809493287,-3.538182356843024,-4.954666418571426
2012-10-01,EP,0,-23.652602668404672,0.988699764066758,-1.850507677949565,-1.924563243865926,-2.786371157748733,-4.763770685882249
2012-11-01,EP,0,-25.413327703244391,1.395577480864650,-1.158637611465125,-1.345266109429057,-1.108326240029532,-3.899481201758833
2012-12-01,EP,0,-22.133771713868967,1.090960265291259,-0.932497816017305,-1.142205430805967,-0.983742981532014,-3.165663512114532
2013-01-01,EP,-1,-20.749069216236869,0.815708139985063,-1.299148610078406,-1.168012292948713,-1.651452763042056,-3.282869043012182
2013-02-01,EP,-1,-14.913265171514738,0.649131745995617,-1.352718175403544,-1.201443268526376,-1.905029697934303,-3.203293189925537
2013-03-01,EP,0,-12.807829023254078,1.418549267149317,-2.170984987375979,-1.979417004399689,-2.731852724626352,-5.568951258924985
2013-04-01,EP,0,-14.520221628574307,1.703279788018812,-2.130032469933058,-1.980523899580126,-2.407276581494372,-5.813836157531995
2013-05-01,EP,0,-14.064828412799431,1.493379368558748,-2.287981274967219,-2.408798723230824,-3.203400629639294,-6.190159366756791
2013-06-01,EP,0,-19.797782934733021,1.161032030236885,-2.355059307175056,-2.524842200285121,-3.718869477223293,-6.040933537697063
2013-07-01,EP,0,-22.154634771587514,0.997136239914905,-2.101105078529632,-2.271044347938144,-3.375013186552871,-5.369285666382680
2013-08-01,EP,0,-25.257542366707568,1.077990125164928,-2.724727658434706,-2.641598985750532,-4.288336519020310,-6.444316769350166
2013-09-01,EP,0,-27.024413379446273,0.717500590512343,-1.945860816837387,-1.881717389321054,-3.110077615646098,-4.545078796670784
2013-10-01,EP,0,-27.872740961423130,0.707783435596087,-1.876189603634086,-1.879422865422356,-3.047829033460355,-4.463395904652529
2013-11-01,EP,0,-26.014908510754360,1.059650770854757,-1.078284811772387,-1.206702754887613,-1.225336795805243,-3.344638337514757
2013-12-01,EP,0,-22.441914242618981,0.801319982960862,-1.124106327516726,-1.234045039703340,-1.556831384259205,-3.159471350180928
2014-01-01,EP,-1,-19.521805389476082,0.557390948573543,-1.073499217951746,-1.190727755495090,-1.706836024873294,-2.821617922020380
2014-02-01,EP,-1,-15.689673877274956,0.693982597684991,-1.213658567627652,-1.110934966464237,-1.630610936406898,-3.018576131776881
2014-03-01,EP,0,-12.427043416485517,1.416220600772402,-1.475420250984575,-1.435439378174531,-1.494639028386704,-4.327080229931507
2014-04-01,EP,0,-14.890233677103886,1.594459854275476,-2.375640235590590,-2.148526819278009,-2.929707200593123,-6.118626909144075
2014-05-01,EP,0,-13.094967908664884,1.421553839067403,-2.742867228194188,-2.921336118285347,-4.242649507412132,-7.085757185546939
2014-06-01,EP,0,-17.184887508312023,0.961167515755116,-2.606255834902451,-2.573746632917518,-4.218834952064853,-6.141169983575086
2014-07-01,EP,0,-19.700618169915764,1.094527910955509,-2.875574321364714,-2.926665579984356,-4.707711990393561,-6.896767812304580
2014-08-01,EP,0,-20.190977360453083,1.133596629789177,-3.392614693607396,-3.102083319358570,-5.361101383176790,-7.628294642755144
2014-09-01,EP,0,-23.640810749936318,0.903538818361836,-2.643964696441146,-2.620877061567212,-4.361302939646523,-6.168380576370193
2014-10-01,EP,1,-24.660299699863661,0.846979839472033,-1.978683694673531,-2.063267182449156,-3.194971037650654,-4.888930716594720
2014-11-01,EP,1,-21.088289430288818,1.352184028101462,-1.423307011098808,-1.688196120277575,-1.759319103274921,-4.463687159477844
2014-12-01,EP,1,-22.461370133426623,1.307912219121895,-0.956579354626195,-1.127773665248286,-0.776440800752586,-3.392265238996377
2015-01-01,EP,1,-19.399096465914706,0.931755998907455,-0.949403560163765,-1.154976758779523,-1.172624320035833,-3.036136317850743
2015-02-01,EP,0,-15.426390095779894,0.859683105511174,-1.484548920136368,-1.675855206287113,-2.300721020912307,-4.020087231934656
2015-03-01,EP,1,-13.374037846642549,1.353351989779634,-1.507517363471437,-1.526472006882873,-1.680637380574675,-4.387341360133943
2015-04-01,EP,1,-11.315695094958746,1.666406179728213,-2.551907929308136,-2.445821555310975,-3.331323304890899,-6.664135664347324
2015-05-01,EP,1,-11.070884293287088,2.373697864582973,-3.462509214798635,-3.563436949004843,-4.652248299220505,-9.399644028386451
2015-06-01,EP,1,-14.105348499133404,2.185334614061282,-2.484668673629819,-2.883576307529359,-3.182910367097895,-7.553579595220461
2015-07-01,EP,1,-13.923909915490553,2.184173951454242,-3.235522965660991,-3.488215607051392,-4.539564621258140,-8.907912524166626
2015-08-01,EP,1,-19.593324636965811,1.526146405477907,-2.994984615827166,-3.050429575788230,-4.519267786137490,-7.571560597093303
2015-09-01,EP,1,-19.857606819675375,1.780638322278008,-3.067762306420859,-3.131348076083122,-4.418472060225972,-7.979748704781987
2015-10-01,EP,1,-18.799553657243091,1.734572219092177,-2.498867491674516,-2.861730277410945,-3.626025549993284,-7.095169988177638
2015-11-01,EP,1,-18.321159518010639,2.015496788131878,-1.862592892685224,-2.159953788943007,-2.007049893496353,-6.038043469760110
2015-12-01,EP,1,-19.364157350461920,1.844627876050490,-1.791996868038186,-1.967883646601376,-1.915252638589072,-5.604508390690052
2016-01-01,EP,1,-15.028598155342017,1.665662363066327,-2.132162325266212,-2.219378205122434,-2.685878167322318,-6.017202893454972
2016-02-01,EP,1,-14.929182538278617,1.596121503230132,-2.117306097668382,-2.113608070512417,-2.634792664950666,-5.827035671410931
2016-03-01,EP,1,-12.177445752874636,1.844615923163040,-2.211698498597141,-2.287344101734435,-2.654426677168535,-6.343658523494616
2016-04-01,EP,1,-12.001615220545208,1.969595370768801,-2.231612624943602,-2.292315531546352,-2.554332785721153,-6.493523527258756
2016-05-01,EP,0,-13.697564540287956,1.750079315124084,-1.865937828276661,-2.198314077226059,-2.314172590378636,-5.814331220626803
2016-06-01,EP,0,-12.201419310199682,1.357189105829096,-2.193609183371891,-2.501612006781158,-3.338032084323952,-6.052410295982146
2016-07-01,EP,-1,-16.620662390239797,0.944051720113479,-2.355703472494207,-2.606338110137186,-4.017989862517914,-5.906093302744872
2016-08-01,EP,-1,-22.420886917690115,0.772480777093860,-2.203274011539175,-2.158045641765360,-3.588838876210675,-5.133800430398395
2016-09-01,EP,-1,-24.638039206604258,0.850554395059813,-2.310383871437763,-2.390004932633772,-3.849834409011722,-5.550943199131348
2016-10-01,EP,-1,-24.096146124934968,0.701891534498945,-1.555039965128083,-1.620416203620990,-2.473564634250129,-3.877347703248019
2016-11-01,EP,-1,-21.477061645447389,1.167481137363829,-1.085552454298209,-1.408322841607554,-1.326394158541935,-3.661356433269592
2016-12-01,EP,-1,-20.150298977998851,1.032246051245075,-0.736193939861602,-0.865845127522852,-0.569793016139379,-2.634285118629529
2017-01-01,EP,0,-14.571550759552018,0.802118856486220,-0.672377820144018,-0.841581346118079,-0.711840309775876,-2.316078022748317
2017-02-01,EP,0,-12.623556188715455,0.884381969984096,-1.234526821760533,-1.237758715570532,-1.587903567346969,-3.356667507315160
2017-03-01,EP,0,-10.379579625285917,1.328429386373971,-2.043498038756592,-2.041110478008471,-2.756179130391091,-5.413037903139033
2017-04-01,EP,0,-10.579964526512342,2.210674606436001,-1.983727161822423,-2.324584654481251,-2.097637209867672,-6.518986422739676
2017-05-01,EP,0,-12.644976159497475,1.449551008083684,-2.352548969815000,-2.598561015834994,-3.501558977566309,-6.400660993733679
2017-06-01,EP,0,-15.898494791019546,1.114875169928775,-2.220949093403518,-2.351717632295550,-3.457791555770293,-5.687541895627843
2017-07-01,EP,0,-19.492242906516044,0.780783773351626,-2.491362934181484,-2.708209931424520,-4.418789092254378,-5.980356638957629
2017-08-01,EP,0,-22.796432680166721,0.767718367954634,-2.646180554664511,-2.640804007470313,-4.519266194180190,-6.054702930089459
2017-09-01,EP,0,-25.767620521735516,0.580043186264537,-2.554236018397651,-2.275267357272171,-4.249460189405285,-5.409546561934359
2017-10-01,EP,-1,-29.185780392228654,0.747409802379437,-1.656205490218193,-1.770950186561638,-2.679745874400394,-4.174565479159268
2017-11-01,EP,-1,-26.549499954643345,0.908978987360743,-0.822901649069866,-1.061607524617646,-0.975530186326768,-2.793488161048255
2017-12-01,EP,-1,-26.697034455681862,0.887697596112939,-0.803780873041843,-0.886287833356292,-0.802371110285196,-2.577766302511073
2018-01-01,EP,-1,-18.793481381956493,0.820724946643606,-0.921019099823719,-1.106331720985394,-1.206625874165507,-2.848075767452719
2018-02-01,EP,-1,-15.923491163337415,0.735573129078438,-1.231644882167724,-0.953687155145687,-1.449758908234973,-2.920905166391848
2018-03-01,EP,-1,-14.393036062335494,1.153619405009927,-1.067520283479340,-1.334884962702165,-1.248785841171578,-3.556024651191432
2018-04-01,EP,-1,-12.577828148527074,1.475110070131774,-1.616992459655296,-1.770294441187670,-1.912176830711192,-4.862396970974740
2018-05-01,EP,0,-14.678770889710101,1.118771485110013,-2.072655231037840,-2.230956276491094,-3.184840022418920,-5.422382992638947
2018-06-01,EP,0,-16.292052318879108,1.027015590050744,-2.878385157821586,-2.940128462637846,-4.791498030408689,-6.845529210510176
2018-07-01,EP,0,-20.376053339098526,0.876344888718058,-2.434323515244269,-2.691350962980279,-4.249329589506491,-6.002019366942607
2018-08-01,EP,0,-25.079752614014083,0.616147849080181,-2.587125075934009,-2.717113655917447,-4.688090882771275,-5.920386580931637
2018-09-01,EP,1,-26.030712775371700,0.676427203615646,-2.301103515470733,-2.372491390937334,-3.997167702792421,-5.350022110023712
2018-10-01,EP,1,-22.957538181324924,0.900647825661237,-1.899902153458401,-2.171327400339995,-3.170581728137159,-4.971877379459634
2018-11-01,EP,1,-24.980886033552110,1.383143534102790,-1.079013980896326,-1.438673714423006,-1.134544161216542,-3.900831229422122
2018-12-01,EP,1,-21.878043686622949,0.921916946043260,-1.160538437247588,-1.281979458807824,-1.520600950012152,-3.364434842098672
2019-01-01,EP,1,-18.149794947423274,0.827308242456991,-0.897752326971096,-1.191114740213107,-1.261558824727211,-2.916175309641194
2019-02-01,EP,1,-15.409249008697666,0.597813106613892,-1.228046442286479,-1.154627068251639,-1.784860403924226,-2.980486617152010
2019-03-01,EP,1,-12.867874060725086,1.482974623603048,-1.596517212894678,-1.661434293198167,-1.774976882489797,-4.740926129695892
2019-04-01,EP,1,-11.831935007993019,1.462622095268735,-2.023577784289191,-1.880736641624299,-2.441692330644755,-5.366936521182225
2019-05-01,EP,1,-12.469703829244072,1.899644451485500,-2.476567054052207,-2.755226469210420,-3.332149071777128,-7.131437974748128
2019-06-01,EP,1,-18.004028833989580,1.354964327371277,-2.101557441315776,-2.365482352949067,-3.112075466893566,-5.822004121636121
2019-07-01,EP,0,-18.713542948844559,1.106934686237047,-2.592405091828332,-2.852571765887623,-4.338042171478908,-6.551911543953002
2019-08-01,EP,0,-26.224786465844261,0.763315888867782,-2.377853882389067,-2.517627837037626,-4.132165830558911,-5.658797608294474
2019-09-01,EP,0,-24.668848255795488,1.061968090433049,-2.726445268517698,-2.831984754744993,-4.496461932829643,-6.620398113695740
2019-10-01,EP,1,-25.746415509610799,0.712668810136483,-1.829386136996214,-1.759366682819188,-2.876084009678919,-4.301421629951886
2019-11-01,EP,1,-25.890793271267000,1.151104883660202,-0.894328811016346,-1.161655440418368,-0.904879367774512,-3.207089135094916
2019-12-01,EP,1,-22.612009424482263,1.151231400896849,-0.941488043808421,-1.264560379383327,-1.054817022294899,-3.357279824088596
2020-01-01,EP,1,-20.263280051482585,1.144495655433856,-1.511533811476914,-1.470941816419082,-1.837979972462140,-4.126971283329851
2020-02-01,EP,0,-17.481239239174666,0.864405391491341,-1.545135808683912,-1.648519671256280,-2.329250088448851,-4.058060871431532
2020-03-01,EP,1,-13.798117010724816,0.787832185515528,-1.305684414938629,-1.178725551187173,-1.696577780610274,-3.272242151641330
2020-04-01,EP,0,-11.951756153958895,1.432201308749826,-2.156284824619421,-2.134053745018235,-2.858137260887830,-5.722539878387482
2020-05-01,EP,0,-14.200226244276410,1.361595070869869,-2.330208581692131,-2.660134850468177,-3.628748361290440,-6.351938503030177
2020-06-01,EP,0,-17.073502958422285,0.957549963841752,-2.326832747750896,-2.658171042400082,-4.027453826309227,-5.942553753992730
2020-07-01,EP,0,-21.266099254873602,1.097653345354673,-2.255151947786988,-2.419761829854065,-3.577260432286380,-5.772567122995726
2020-08-01,EP,-1,-25.105576416849356,1.002011802519712,-2.745463671810182,-2.924101289670858,-4.667553158961327,-6.671576764000752
2020-09-01,EP,-1,-28.704859115717909,0.580828581890958,-2.010009182384511,-2.037156362396768,-3.466336962890320,-4.627994126672236
2020-10-01,EP,-1,-30.954573473720313,0.644094804368716,-1.483033689502869,-1.430981327610142,-2.269920212744295,-3.558109821481726
2020-11-01,EP,-1,-27.245878729357500,0.868636316372364,-0.811471211924044,-0.989220468266402,-0.932055363818082,-2.669327996562810
2020-12-01,EP,-1,-24.850293988187477,1.049345590512940,-0.901842734735743,-1.211748914620853,-1.064246058843656,-3.162937239869536
2021-01-01,EP,-1,-19.222316635337172,0.995986775655068,-1.285427041506147,-1.496713506624797,-1.786153772475877,-3.778127323786012
2021-02-01,EP,-1,-17.281268427545282,0.765318237329734,-1.192110614809587,-1.018531586757590,-1.445323964237443,-2.975960438896911
2021-03-01,EP,-1,-13.438256043447220,1.320437156391409,-1.739831182014611,-1.568291903678483,-1.987685929301685,-4.628560242084503
2021-04-01,EP,-1,-13.925064478518303,1.840538061807722,-2.164153385320092,-2.340888395955834,-2.664503719468204,-6.345579843083648
2021-05-01,EP,-1,-15.597620291326212,1.011670599113115,-1.824147071956559,-1.861952406371713,-2.674428879215157,-4.697770077441388
2021-06-01,EP,0,-16.167166128989194,0.886016942198377,-2.423325789949732,-2.520234518266215,-4.057543366017569,-5.829577250414324
2021-07-01,EP,0,-20.776676746079115,0.909852884569089,-2.370967666797956,-2.511426381534496,-3.972541163763363,-5.792246932901541
2021-08-01,EP,-1,-21.414288660366054,0.805882599513711,-2.776810211458958,-2.876015825615364,-4.846943437560611,-6.458708636588033
2021-09-01,EP,-1,-26.155910008791103,0.533795656255319,-2.109245369937809,-2.066446276504204,-3.641895990186694,-4.709487302697333
2021-10-01,EP,-1,-28.354299894458212,0.581567774544919,-1.660912066520476,-1.786315082371425,-2.865659374346982,-4.028794923436820
2021-11-01,EP,-1,-26.148201909725877,0.899823348985910,-0.890078577827953,-1.157036620094122,-1.147291848936165,-2.946938546907985
2021-12-01,EP,-1,-28.085788653288681,0.964661474236981,-0.491737644595822,-0.691778824485201,-0.218854994844043,-2.148177943318005
2022-01-01,EP,-1,-20.197880992168894,0.534996268150784,-0.962490428709170,-0.975723906366643,-1.403218066925028,-2.473210603226597
2022-02-01,EP,-1,-14.484089641812732,0.465213002333552,-1.071550675563141,-1.113405105331703,-1.719742778561292,-2.650168783228395
2022-03-01,EP,-1,-12.992634445278235,1.098701447679097,-1.793833538069522,-1.703945557832440,-2.399077648222865,-4.596480543581058
2022-04-01,EP,-1,-15.884362417209703,1.085814477153073,-2.037883273961198,-2.349073961755757,-3.301142758563882,-5.472771712870030
2022-05-01,EP,-1,-17.786267201390228,1.224821452637097,-2.081864710249466,-2.478531471370630,-3.335574728982999,-5.785217634257193
2022-06-01,EP,-1,-17.610688867907221,0.741423846946537,-2.231832006417954,-2.470703528463298,-3.961111687934715,-5.443959381827788
2022-07-01,EP,-1,-20.851864461492216,0.768509678386748,-2.101229800336956,-2.469502767452769,-3.802222889402977,-5.339242246176473
2022-08-01,EP,-1,-25.891707272765277,0.620589887016863,-2.260436629788933,-2.529320379954983,-4.169167122727053,-5.410346896760778
2022-09-01,EP,-1,-28.381261552973843,0.604790650744543,-2.475621067985418,-2.472545182877275,-4.343375600118151,-5.552956901607236
2022-10-01,EP,-1,-30.275411722670000,0.562183453151199,-1.356226355402256,-1.496175048701171,-2.290217950952227,-3.414584857254626
2022-11-01,EP,-1,-28.910741795627132,0.786855168037903,-0.930497772123489,-1.243829990871595,-1.387472594957181,-2.961182931032987
2022-12-01,EP,-1,-22.117023898650910,1.083015327498315,-0.605405573182561,-0.861186982306000,-0.383577227990247,-2.549607882986876
2023-01-01,EP,-1,-17.664919699384058,0.576696293272133,-0.756363048038182,-0.764095563694549,-0.943762318460598,-2.097154905004863
2023-02-01,EP,-1,-14.354324635596484,0.791467447620031,-1.692122003153146,-1.366961978730757,-2.267616534263872,-3.850551429503933
2002-07-01,WP,1,-6.601136452820140,2.815030594618352,-3.394136100042213,-4.184775158392502,-4.763880663816362,-10.393941853053068
2002-08-01,WP,1,-5.733283264523030,3.430776031706416,-3.726649245506966,-4.934269067071687,-5.230142280872236,-12.091694344285070
2002-09-01,WP,1,-5.838590836241751,2.582261014733691,-2.944969777469664,-3.236010877157146,-3.598719639893119,-8.763241669360500
2002-10-01,WP,1,-4.743825914665376,3.229992050212223,-2.134708535530874,-2.534182818927174,-1.438899304245825,-7.898883404670272
2002-11-01,WP,1,-5.292981994661808,3.957013108085300,-2.309945482255028,-2.800709194834244,-1.153641569003972,-9.067667785174571
2002-12-01,WP,1,-6.586788838318807,2.686005935826594,-1.722053463605832,-1.775557782382986,-0.811605310162224,-6.183617181815412
2003-01-01,WP,1,-5.482011954909983,4.592966283380377,-4.225994930126165,-4.785720697264987,-4.418749344010775,-13.604681910771529
2003-02-01,WP,1,-6.674081896098102,3.529886443972790,-4.436180737930586,-4.575475206498468,-5.481769500456265,-12.541542388401844
2003-03-01,WP,0,-5.148936597871081,3.587687236868951,-4.745172658239912,-4.907886948578025,-6.065372369948985,-13.240746843686889
2003-04-01,WP,0,-5.403908379824901,3.612906016844454,-2.442679063530530,-3.245369892386607,-2.075142939072683,-9.300954972761591
2003-05-01,WP,-1,-5.126781582632975,3.258234381579446,-3.690244883086060,-4.179241525110765,-4.611252026617379,-11.127720789776269
2003-06-01,WP,0,-5.657231748922841,2.515503389990724,-2.584744886166377,-2.922596557720489,-2.991838053896143,-8.022844833877590
2003-07-01,WP,0,-5.759777308164883,3.103721207658135,-3.650401163381260,-4.670031546502011,-5.216711502225135,-11.424153917541405
2003-08-01,WP,0,-7.045974347301126,2.497232066611292,-3.964812456919351,-4.190455965955989,-5.658036356264049,-10.652500489486634
2003-09-01,WP,0,-4.888998520683462,3.250627128624053,-5.205409284984420,-4.906349478052677,-6.861131634413044,-13.362385891661152
2003-10-01,WP,0,-4.446884238120043,3.714596193367071,-3.293751030314751,-3.652448400371945,-3.231603237319625,-10.660795624053769
2003-11-01,WP,0,-4.801002981055798,4.830217318034741,-2.385862115751304,-3.184302736950562,-0.739947534667126,-10.400382170736608
2003-12-01,WP,0,-3.738751685885200,4.291520760175704,-4.909572605206203,-5.157017292186632,-5.775069137217131,-14.358110657568538
2004-01-01,WP,0,-6.005053494654408,3.744189314580834,-3.619878810375516,-3.598909541525158,-3.474599037319840,-10.962977666481507
2004-02-01,WP,0,-3.915557884469855,3.908618383504662,-7.078016909524855,-7.143932333476911,-10.313330859497105,-18.130567626506430
2004-03-01,WP,0,-3.898652108580453,4.908714756777460,-4.395708609669391,-4.959480942539134,-4.446474795431065,-14.263904308985985
2004-04-01,WP,0,-5.217855376710885,3.545416944021014,-2.601215497997766,-3.247398205750557,-2.303196759727309,-9.394030647769338
2004-05-01,WP,0,-4.279405598722343,3.552376944172027,-3.688545589386171,-4.371298575718111,-4.507467220932254,-11.612221109276309
2004-06-01,WP,0,-4.865638250867579,3.673410325452353,-3.525469018120248,-4.966592219743050,-4.818650912410945,-12.165471563315650
2004-07-01,WP,1,-6.971710238368265,3.050842470499303,-2.780970688612229,-2.979336563702791,-2.709464781815716,-8.811149722814323
2004-08-01,WP,1,-5.983381636933831,3.556959016613674,-4.115283431911171,-5.114110418958333,-5.672434834255830,-12.786352867483176
2004-09-01,WP,1,-6.846135749167511,2.868435946077837,-3.217706268618227,-3.468824793805902,-3.818095116346292,-9.554967008501965
2004-10-01,WP,1,-5.018325181933999,3.836944566864160,-2.527138206731375,-2.828051718612623,-1.518245358479839,-9.192134492208158
2004-11-01,WP,1,-4.839201515900731,4.038633190587207,-2.131101892159716,-2.773490541493420,-0.865959243065928,-8.943225624240343
2004-12-01,WP,1,-4.878188650554313,4.422500803544470,-2.361273888248499,-2.850703828838564,-0.789476913542593,-9.634478520631534
2005-01-01,WP,1,-4.503199537150362,4.484199833461896,-5.608772408079321,-5.767257413625988,-6.891829988243413,-15.860229655167206
2005-02-01,WP,0,-7.517643906816361,3.568298124693136,-3.517968019230372,-3.760433476776879,-3.710103371314115,-10.846699620700388
2005-03-01,WP,1,-6.294245584985585,2.860344740279022,-4.551360469868792,-4.882454861528787,-6.573470591118557,-12.294160071676600
2005-04-01,WP,0,-5.258515133415620,4.071500857518572,-3.426035872916898,-4.393886568033833,-3.748421583432158,-11.891423298469302
2005-05-01,WP,0,-6.150195487097896,2.451213238580303,-3.281545903287120,-3.362305525952803,-4.192638190659619,-9.095064667820225
2005-06-01,WP,0,-5.989736555943453,2.540543173386459,-2.953211421185199,-2.999807293637577,-3.412475541436317,-8.493561888209236
2005-07-01,WP,0,-5.271598110713584,3.462775839255281,-4.165465962515153,-4.605580301848316,-5.308270425108189,-12.233822103618751
2005-08-01,WP,0,-6.306234883936182,2.352653848704184,-5.030745418229956,-5.094555536626313,-7.772647106152085,-12.477954803560452
2005-09-01,WP,0,-4.861629274060527,2.961588199871751,-5.358830767798935,-5.359111629024948,-7.756354196952133,-13.679530596695633
2005-10-01,WP,0,-4.830526145035354,3.876059531301224,-3.084695009371033,-3.185646349039799,-2.394281827109609,-10.146400889712055
2005-11-01,WP,-1,-3.522730708101816,5.090447632472035,-3.380912175173782,-3.973090417296552,-2.263554959998298,-12.444450224942369
2005-12-01,WP,-1,-3.154415842003520,4.923004457733859,-4.642510633975249,-5.052258346958759,-4.771764523200149,-14.617773438667866
2006-01-01,WP,-1,-3.437103167780591,5.138289932301280,-5.548550741092849,-6.314719847737654,-6.724980656529223,-17.001560521131783
2006-02-01,WP,-1,-5.645176191646628,4.666066384729334,-4.487468671624990,-5.135884041339168,-4.957286328234824,-14.289419097693493
2006-03-01,WP,-1,-3.811543825650238,4.544043371937824,-5.750132585664115,-6.196975214142557,-7.403064427868848,-16.491151171744498
2006-04-01,WP,0,-3.204977068443116,5.000806325797914,-4.139450715113176,-4.786812171815297,-3.925456561130559,-13.927069212726387
2006-05-01,WP,0,-4.519548627041863,3.565904095270088,-2.554173278937178,-3.112894113220571,-2.101163296887661,-9.232971487427836
2006-06-01,WP,0,-4.880431132357658,3.563543401805301,-2.996214254438024,-3.924383302147002,-3.357054154779725,-10.484140958390327
2006-07-01,WP,0,-6.187179843266546,2.445499906304326,-4.967221887162729,-5.398053974961689,-7.919775955820093,-12.810775768428744
2006-08-01,WP,0,-6.609289734042789,2.531999346639088,-4.272321436754923,-4.744158237085083,-6.484480327200918,-11.548479020479094
2006-09-01,WP,1,-6.228938377340569,2.962077779503764,-4.038939756308910,-4.230898240658221,-5.307760217463366,-11.231915776470894
2006-10-01,WP,1,-6.739788146957779,2.886966255790627,-3.199943231721195,-3.524659621338520,-3.837636597269088,-9.611569108850343
2006-11-01,WP,1,-5.485150213593000,3.291048781568791,-1.794296727282140,-2.092662193725364,-0.595910139438712,-7.178007702576295
2006-12-01,WP,1,-6.042634216434659,3.638989827570611,-2.354652550789834,-2.743334652028278,-1.458997375247501,-8.736977030388722
2007-01-01,WP,1,-4.771800358494850,5.122277255989568,-4.925034681572090,-5.192737808889943,-4.995495234472465,-15.240049746451600
2007-02-01,WP,0,-4.532032124264822,4.450739690807465,-5.071071229583316,-5.210241353877741,-5.830572892653592,-14.732052274268522
2007-03-01,WP,0,-5.007463685064083,3.920739454972156,-5.184510896138611,-5.331538487958271,-6.595309929124726,-14.436788839069038
2007-04-01,WP,0,-5.355639601809494,3.578524917720975,-3.007559165765280,-3.329928831908151,-2.758963079952456,-9.916012915394408
2007-05-01,WP,-1,-4.642366669081963,3.346600151695678,-2.966684922724247,-3.216659133311232,-2.836743904339801,-9.529944207731157
2007-06-01,WP,0,-6.505737938310899,2.653617966202594,-2.729548365461625,-3.070082665443333,-3.146013064702363,-8.453248997107552
2007-07-01,WP,-1,-6.810563556367048,3.520080923322625,-3.492562079511796,-3.934588556967527,-3.907069713156698,-10.947231559801949
2007-08-01,WP,-1,-6.748850530628822,2.671288548502267,-4.658959776613440,-4.390641009127089,-6.378312237238261,-11.720889334242795
2007-09-01,WP,-1,-4.878531832837491,3.151104716220822,-4.893551900270800,-5.180738256905134,-6.923185440955113,-13.225394873396755
2007-10-01,WP,-1,-4.667802697750555,3.437477500459429,-3.330202397171232,-3.224733080608853,-3.117457977320656,-9.992412978239516
2007-11-01,WP,-1,-3.146317262737424,5.492366718221461,-3.437082565385604,-5.211328534843794,-3.156044382007937,-14.140777818450861
2007-12-01,WP,-1,-4.596594492685950,3.964885609150064,-3.294503122874701,-3.649484762660704,-2.979102276385341,-10.908873494685469
2008-01-01,WP,-1,-3.560888637735167,5.916335364733441,-4.439204062559231,-5.367189503855530,-3.890058201681319,-15.722728931148200
2008-02-01,WP,-1,-3.802332755618512,3.931776192921420,-7.348386034860526,-6.423751444893104,-9.840361286832209,-17.703913672675050
2008-03-01,WP,-1,-4.601823801127959,4.226741768474822,-3.827392811353997,-3.882754148594890,-3.483405191474064,-11.936888728423709
2008-04-01,WP,-1,-4.243651511619045,3.844214949357936,-3.753115414957034,-4.196025574282103,-4.104926039881201,-11.793355938597074
2008-05-01,WP,-1,-4.381960285772607,3.036622879098271,-4.358979607041465,-4.509678792454408,-5.832035520397602,-11.905281278594144
2008-06-01,WP,-1,-5.664090258552060,2.661260183491582,-3.641916989907406,-3.733751782548048,-4.714408588963871,-10.036928955947037
2008-07-01,WP,0,-6.180324558438437,3.099065949890544,-3.126078313371766,-3.058200380977354,-3.085212744458577,-9.283344644239664
2008-08-01,WP,0,-7.319762399828602,2.571200009874548,-4.315240045163249,-4.403361638272473,-6.147401673561174,-11.289801693310270
2008-09-01,WP,0,-4.847768433320807,2.969457563667920,-4.833306937567840,-4.723194605895017,-6.587043979794937,-12.525959107130777
2008-10-01,WP,0,-5.037741033417769,2.726375610790359,-4.526755762266746,-4.444468046605809,-6.244848198082196,-11.697599419662914
2008-11-01,WP,-1,-4.063857262584757,4.084817302213640,-3.450364720911524,-3.448790150244242,-2.814337568942126,-10.983972173369406
2008-12-01,WP,-1,-3.609491753288542,4.186161013907049,-4.796635056269364,-4.683388994821451,-5.293863037183765,-13.666185064997865
2009-01-01,WP,-1,-3.576965161503288,5.030262118746087,-4.693727396351334,-5.525128636704697,-5.188593914309943,-15.249118151802119
2009-02-01,WP,-1,-3.072467221892027,4.366704053814338,-7.478338879406426,-7.157853980443840,-10.269488806035927,-19.002896913664603
2009-03-01,WP,-1,-3.537491032851141,5.170915760330331,-4.753657887486939,-5.119931716194958,-4.702673843351565,-15.044505364012227
2009-04-01,WP,0,-4.725414066074632,3.845140909920103,-3.254869467405185,-3.700611346084376,-3.110339903569458,-10.800621723409662
2009-05-01,WP,0,-4.297241773938960,3.486449299335800,-3.169064348833482,-3.515360791447752,-3.197975840945434,-10.170874439617034
2009-06-01,WP,0,-4.051284762760876,3.343144441504571,-3.678592843289214,-3.667699380688782,-4.003147782473425,-10.689436665482566
2009-07-01,WP,1,-4.566879096724835,3.414663657294209,-5.136795347567233,-5.743312509549997,-7.465444199823022,-14.294771514411440
2009-08-01,WP,1,-6.038826628691271,2.707969886690754,-3.417129673913228,-3.634120444668717,-4.343280231891191,-9.759220005272701
2009-09-01,WP,1,-5.095627336792969,2.885616378412027,-5.436654882181122,-5.458277020811193,-8.009315524580288,-13.780548281404343
2009-10-01,WP,1,-4.399343416965411,3.539333740820390,-3.865889906916165,-4.188649655267792,-4.515205821363566,-11.593873303004347
2009-11-01,WP,1,-4.935712149894234,3.580357059336258,-3.747074221252385,-3.757190146038254,-3.923907307954381,-11.084621426626898
2009-12-01,WP,1,-5.429120166133400,4.421505443779527,-3.028774630602937,-3.172678090841702,-1.779947277665113,-10.622958165224166
2010-01-01,WP,1,-4.481372330547368,5.028550403220216,-6.277019895967536,-5.988414630947992,-7.236884123695313,-17.293984930135743
2010-02-01,WP,1,-9.074980022886923,2.357194397656144,-2.699612492578210,-2.641876408468771,-2.984294503390838,-7.698683298703125
2010-03-01,WP,1,-6.202891250011111,3.372788974639435,-3.901700328797027,-3.984334962350949,-4.513246316508541,-11.258824265787410
2010-04-01,WP,0,-5.340418049378679,3.488444672847209,-3.530017074213892,-3.678429435517043,-3.720001836883726,-10.696891182578144
2010-05-01,WP,0,-5.946412468913207,3.076119763341092,-2.987633830302371,-2.779460025744040,-2.690974092705318,-8.843213619387502
2010-06-01,WP,-1,-5.920654607243963,3.015349009742532,-2.490214211894009,-2.693179181928224,-2.168044384079701,-8.198742403564765
2010-07-01,WP,-1,-5.826510577783328,3.663845927721829,-3.363116121081223,-3.512152620766392,-3.211422814125786,-10.539114669569445
2010-08-01,WP,-1,-5.422568411028766,3.293021723888677,-4.520179500700173,-4.098303888342376,-5.325461665153872,-11.911505112931225
2010-09-01,WP,-1,-5.672120205105233,3.276148515706702,-3.537560236097556,-3.115414389948060,-3.376826110338915,-9.929123141752319
2010-10-01,WP,-1,-4.602604997474741,3.291021491913036,-4.539694870454012,-4.028219475197122,-5.276892853738097,-11.858935837564168
2010-11-01,WP,-1,-4.185466647356495,4.040754370770573,-2.993104709277954,-3.010610635885273,-1.962960974392654,-10.044469715933801
2010-12-01,WP,-1,-3.544842182006958,4.039503029716315,-4.685848214664230,-4.471159600581916,-5.117504785529831,-13.196510844962461
2011-01-01,WP,-1,-3.997559165922717,4.019875228518463,-4.871359896813924,-4.953931911609688,-5.805416579905149,-13.845167036942073
2011-02-01,WP,-1,-3.659766215445389,3.847388966720873,-6.509603772477607,-6.363537943528558,-9.025752749285290,-16.720530682727038
2011-03-01,WP,-1,-3.996512991800312,3.666062232177031,-6.294268793080950,-5.762803078922532,-8.391009639826452,-15.723134104180515
2011-04-01,WP,-1,-3.900551896814270,3.935012895526620,-4.478951304584494,-4.554712844963915,-5.098651254021789,-12.968677045075029
2011-05-01,WP,-1,-4.629890615627874,3.834758891580721,-4.248253127282092,-4.626111402973859,-5.039605638675230,-12.709123421836672
2011-06-01,WP,0,-5.875509133742670,2.992365389187855,-4.447241104818016,-4.751514285261543,-6.206390000891703,-12.191120779267413
2011-07-01,WP,0,-5.689254356180620,3.885964076050679,-4.497933117516617,-5.125308308419936,-5.737277349885874,-13.509205501987232
2011-08-01,WP,-1,-6.178127672434822,2.715792707114039,-5.086749467481681,-4.685689663078236,-7.056646423445878,-12.488231837673956
2011-09-01,WP,-1,-5.612586625280365,3.011515306512526,-6.444977700960145,-5.421361104690653,-8.854823499138272,-14.877854112163325
2011-10-01,WP,-1,-4.944980171616154,2.438220589458318,-3.586100633617696,-3.276443249230453,-4.424323293389831,-9.300764472306467
2011-11-01,WP,-1,-5.071824735701460,3.169383347578778,-3.507868021662995,-3.261855199208580,-3.600339873292796,-9.939106568450352
2011-12-01,WP,-1,-3.415395060299472,4.464245361366959,-4.838291830460969,-5.099604309700745,-5.473650778794756,-14.402141501528675
2012-01-01,WP,-1,-3.902965572992171,4.756628378299478,-5.039804637486776,-5.294062850358889,-5.577239109546188,-15.090495866145144
2012-02-01,WP,-1,-4.205967866359768,5.062601333785127,-4.411060450200263,-4.284284608349065,-3.632743724764201,-13.757946392334455
2012-03-01,WP,-1,-3.358028502214373,4.381971453341250,-6.654535135825026,-6.322503536898009,-8.595067219381786,-17.359010126064284
2012-04-01,WP,-1,-4.993755327429627,3.629879832169946,-3.108475039310213,-2.900377746423862,-2.378972953564130,-9.638732617904020
2012-05-01,WP,0,-3.719024455643789,3.748968099297452,-4.366861116575267,-4.416438485991748,-5.034331503269563,-12.532267701864466
2012-06-01,WP,0,-4.817017022288713,3.146913674240725,-4.340827980215179,-4.477760464437714,-5.671674770412169,-11.965502118893617
2012-07-01,WP,0,-6.017870279456639,3.357906815294082,-4.503207894795882,-4.345480950198441,-5.490782029700240,-12.206595660288405
2012-08-01,WP,1,-6.654993117071803,2.765973344208216,-5.481322152488981,-4.787016554210188,-7.502365362490954,-13.034312050907385
2012-09-01,WP,0,-4.216846611239025,3.250558202979098,-5.696003714807285,-5.464484414559498,-7.909929926387685,-14.411046332345881
2012-10-01,WP,0,-5.347199143017781,2.906097006788339,-4.101607513218911,-3.743077141464653,-4.938587647895226,-10.750781661471905
2012-11-01,WP,0,-4.670152355614704,4.905870465902421,-2.751649302325059,-3.166225793020479,-1.012004629443118,-10.823745561247959
2012-12-01,WP,0,-4.835572882097736,4.866419956793362,-2.390061816718280,-2.950279949839483,-0.473921809764401,-10.206761723351125
2013-01-01,WP,-1,-4.014056267611413,5.327610414480574,-5.765308597906990,-6.001687928502489,-6.439386111928904,-17.094606940890053
2013-02-01,WP,-1,-5.083413562500386,4.243094525218263,-5.277947712342287,-5.033449708052219,-6.068302895176243,-14.554491945612769
2013-03-01,WP,0,-4.663797506330886,4.121013249016855,-4.513066108076039,-4.815803144252643,-5.207856003311827,-13.449882501345536
2013-04-01,WP,0,-4.123276636600680,3.927816191857986,-4.303155532691590,-3.997775090200814,-4.373114431034418,-12.228746814750389
2013-05-01,WP,0,-5.027481797176889,3.422825954609614,-2.958626156038112,-2.785208792368947,-2.321008993797446,-9.166660903016673
2013-06-01,WP,0,-4.705714547684413,3.167215242865959,-4.323451399319668,-4.112213216567779,-5.268449373021488,-11.602879858753406
2013-07-01,WP,0,-5.746478877569341,3.664056063247917,-3.943536150513869,-3.954825904280433,-4.234305991546385,-11.562418118042219
2013-08-01,WP,0,-5.865698383106505,2.901311215887683,-4.588981315933278,-4.025629520734816,-5.713299620780411,-11.515922052555776
2013-09-01,WP,0,-5.497938169584966,3.462682963335884,-4.472951103918351,-4.397570933771993,-5.407839074354461,-12.333205001026228
2013-10-01,WP,0,-4.502884698551742,4.399326483703009,-4.072140425370229,-4.459485244211997,-4.132299185879217,-12.930952153285237
2013-11-01,WP,0,-4.252128126962559,3.736832891578291,-3.593283252482820,-3.782437248487098,-3.638887609391626,-11.112553392548209
2013-12-01,WP,0,-4.662111613885930,4.448886358950809,-4.214563180605603,-4.098780856550984,-3.864457678205778,-12.762230396107395
2014-01-01,WP,-1,-3.050362024107723,5.610791467684033,-5.816825785322584,-6.753002835722278,-6.959037153360829,-18.180620088728894
2014-02-01,WP,-1,-4.279142957983487,4.195520006017674,-5.607199268181186,-5.617925290440535,-7.029604552604048,-15.420644564639396
2014-03-01,WP,0,-5.801596734255087,4.179135577263311,-3.315666546449958,-3.459561616716607,-2.596092585903255,-10.954363740429876
2014-04-01,WP,0,-4.455021379213497,4.086995618415997,-3.719911331575371,-4.241981875351845,-3.874897588511220,-12.048888825343212
2014-05-01,WP,0,-5.339348742191493,3.220117641401831,-2.733742726142617,-2.674610866236596,-2.188235950977382,-8.628471233781045
2014-06-01,WP,0,-5.639212486735363,2.908699091238542,-3.769388108505547,-3.549441736058625,-4.410130753325629,-10.227528935802713
2014-07-01,WP,0,-5.588269802871740,3.348512460606114,-5.052181633778972,-5.784719347242941,-7.488388520415800,-14.185413441628025
2014-08-01,WP,0,-7.566690910053746,2.314833236340263,-3.786725070133933,-3.492738023949874,-4.964629857743544,-9.594296330424070
2014-09-01,WP,0,-4.421918261547550,3.402711748673763,-5.583659553465504,-5.658204397386015,-7.839152202177757,-14.644575699525284
2014-10-01,WP,1,-5.025180931551760,3.161735583460819,-3.599932127490182,-3.603101358353026,-4.041297902382389,-10.364769069304028
2014-11-01,WP,1,-4.876471075188536,3.717448663523530,-2.536219420047339,-2.663124602899657,-1.481895359423466,-8.916792686470526
2014-12-01,WP,1,-3.927597982777076,4.773153257969456,-3.809916761321547,-3.924900006743345,-2.961663510095435,-12.507970026034348
2015-01-01,WP,1,-4.079251720464039,4.996562278282904,-5.069231664510741,-5.992028158604541,-6.064697544832377,-16.057822101398187
2015-02-01,WP,0,-5.439208987538711,4.109343949666250,-6.094221953594195,-5.855538497244432,-7.840416501172377,-16.059104400504875
2015-03-01,WP,1,-5.532783711346593,4.618133269944916,-3.251828381420998,-3.779664718939750,-2.413359830415831,-11.649626370305665
2015-04-01,WP,1,-5.619670644597492,3.919686399677451,-2.587231872299120,-2.766202837177690,-1.433748309799359,-9.273121109154260
2015-05-01,WP,1,-5.706315048528051,3.309831031433312,-2.176608306777843,-2.705710905454026,-1.572488180798556,-8.192150243665180
2015-06-01,WP,1,-5.568673741866882,3.596096813181448,-3.467299294845995,-4.011829481633619,-3.883031963298166,-11.075225589661063
2015-07-01,WP,1,-7.617131858382352,2.645418498382685,-2.442667883866416,-2.626379740220989,-2.423629125704720,-7.714466122470090
2015-08-01,WP,1,-7.286926278300975,2.875439559150538,-3.300135685292785,-3.348634341156326,-3.773330467298573,-9.524209585599650
2015-09-01,WP,1,-6.879538302555860,1.963966996076029,-3.502479787116032,-3.452051937514518,-4.990564728554522,-8.918498720706578
2015-10-01,WP,1,-7.835267534677786,1.906959685418124,-1.858925845131725,-1.976237364647258,-1.928203524360859,-5.742122895197106
2015-11-01,WP,1,-6.102514510837540,2.626721632886357,-2.239627604951164,-2.119711970480282,-1.732617942545090,-6.986061208317803
2015-12-01,WP,1,-5.757373190520605,3.937699651076024,-3.159754041913964,-3.403058120190074,-2.625112511028015,-10.500511813180061
2016-01-01,WP,1,-8.128543369521068,2.595800139765354,-2.343710035119619,-2.264772246548890,-2.012682141903155,-7.204282421433863
2016-02-01,WP,1,-7.278036718596982,3.850186721956306,-3.604786435763515,-3.015643855416974,-2.770243569224183,-10.470617013136795
2016-03-01,WP,1,-6.147917717819108,3.878143963921320,-3.227595438147344,-3.266265030926146,-2.615716505152169,-10.372004432994810
2016-04-01,WP,1,-6.552957084118259,2.595261166315003,-2.820126579256861,-2.623082961294311,-2.847948374236170,-8.038470706866176
2016-05-01,WP,0,-5.185740823037714,2.604296304838299,-2.919227396046307,-2.608823418481112,-2.923754509689120,-8.132347119365718
2016-06-01,WP,0,-5.036161343911225,3.766391192156648,-2.348781773795293,-2.856796421909839,-1.439187003548483,-8.971969387861780
2016-07-01,WP,-1,-5.262160346502276,3.593489701674188,-3.041302657026416,-3.679513143611180,-3.127326098963407,-10.314305502311784
2016-08-01,WP,-1,-5.249132429469519,3.568924492313633,-3.999318694299550,-4.136242260572610,-4.566636462558527,-11.704485447185792
2016-09-01,WP,-1,-4.429019197217244,3.889628962938256,-4.691087225982205,-4.337926602740455,-5.139384865784404,-12.918642791660917
2016-10-01,WP,-1,-4.111963520388985,3.983618435102307,-4.572205855719107,-4.450868112315889,-5.039455532932688,-13.006692403137304
2016-11-01,WP,-1,-3.261956952007309,6.847493605961656,-2.668441275845725,-3.594659035580036,0.584393294535896,-13.110593917387417
2016-12-01,WP,-1,-3.707753607999559,4.266563434964451,-4.837268891488432,-5.136673678665820,-5.707379135189802,-14.240506005118704
2017-01-01,WP,0,-3.546886134193443,4.566249957190112,-5.586889510636435,-5.500475273922090,-6.521114827368413,-15.653614741748637
2017-02-01,WP,0,-4.011691180398356,4.328210547749163,-6.372593058279564,-6.159099200449028,-8.203481710979428,-16.859902806477756
2017-03-01,WP,0,-3.357270053823798,4.674968929243445,-6.218625237804126,-5.917819628862769,-7.461475937423450,-16.811413795910340
2017-04-01,WP,0,-3.990561803477073,4.628640917693350,-4.084898914624461,-4.522880249227501,-3.979138246158612,-13.236420081545312
2017-05-01,WP,0,-5.515666849983536,3.085121926719076,-3.144115097000174,-2.834200594958377,-2.893193765239475,-9.063437618677627
2017-06-01,WP,0,-5.126217869624862,3.038447062009914,-3.730788147945821,-3.866444469689215,-4.558785555625123,-10.635679679644950
2017-07-01,WP,0,-4.819752410120948,3.735595669309941,-4.742998555933285,-4.892353977198300,-5.899756863821644,-13.370948202441525
2017-08-01,WP,0,-6.785181844728934,2.987605633681023,-3.711321999152529,-3.509036662898978,-4.232753028370485,-10.207964295732531
2017-09-01,WP,0,-5.688581052863145,3.481615576503300,-5.239294381476793,-5.222576277728164,-6.980255082701658,-13.943486235708258
2017-10-01,WP,-1,-4.635925000129816,3.520842791277680,-4.504417609048663,-4.840863589473722,-5.824438407244705,-12.866123989800066
2017-11-01,WP,-1,-4.352295470714239,4.413945720299460,-3.294346275978877,-3.586764847376998,-2.467165403056414,-11.295056843655335
2017-12-01,WP,-1,-3.755056212110332,4.368394166379828,-4.387434183506135,-4.893472158401510,-4.912512175527817,-13.649300508287475
2018-01-01,WP,-1,-3.339919958009795,4.443519917112101,-5.261858784437528,-6.077016316646213,-6.895355183971639,-15.782395018195842
2018-02-01,WP,-1,-5.012111088809394,4.155162250607781,-4.559084854897977,-5.415382024491042,-5.819304628781238,-14.129629129996800
2018-03-01,WP,-1,-4.048673986431027,5.152116271582157,-4.439474189284840,-5.386738693663567,-4.674096611366250,-14.978329154530565
2018-04-01,WP,-1,-4.839544862848487,4.137240027736662,-2.780510201938457,-3.401860880018400,-2.045131054220195,-10.319611109693518
2018-05-01,WP,0,-5.578051446699646,2.812435780175566,-2.989298147438543,-3.339454046711213,-3.516316413974189,-9.141187974325321
2018-06-01,WP,0,-6.055765295470265,2.715233407837771,-3.595135660714298,-3.403417170087555,-4.283319422964082,-9.713786238639624
2018-07-01,WP,0,-5.062803854248254,3.417249557228171,-4.704673359884064,-5.095609604348215,-6.383033407004107,-13.217532521460448
2018-08-01,WP,0,-5.242060327637483,3.227800466032078,-5.281765029435231,-5.059838688842088,-7.113803252245241,-13.569404184309398
2018-09-01,WP,1,-5.043485013538162,3.422734055788483,-4.182936177161476,-5.034120216563895,-5.794322337936888,-12.639790449513855
2018-10-01,WP,1,-5.321035828001800,3.375593219214037,-2.673313159089159,-3.045760218339169,-2.343480158214291,-9.094666596642366
2018-11-01,WP,1,-4.752451876067819,4.226864220768105,-3.012102627374716,-3.671548793323034,-2.456787199929645,-10.910515641465855
2018-12-01,WP,1,-3.828454669593085,4.668949677537933,-3.610214808798344,-4.414515379225882,-3.355780510486294,-12.693679865562160
2019-01-01,WP,1,-4.826759350719993,5.058347905711151,-5.394745726672908,-5.631450060918131,-5.967847881879888,-16.084543693302191
2019-02-01,WP,1,-6.786750106970654,4.835688449737354,-2.472081384983628,-2.626148207034484,-0.262541142280758,-9.933918041755467
2019-03-01,WP,1,-5.043962923316077,4.513634711921658,-5.137432758183734,-5.417051646886739,-6.040849693148814,-15.068119116992129
2019-04-01,WP,1,-5.314322009616923,3.953759132431103,-3.639843410222886,-3.924468909300921,-3.610553187092704,-11.518071451954910
2019-05-01,WP,1,-5.412473231269525,3.151616114022051,-2.379662601967967,-2.707692450494541,-1.935738938440458,-8.238971166484559
2019-06-01,WP,1,-6.440837328563132,2.993539645861413,-4.197740814345826,-3.972769941554314,-5.176971110038727,-11.164050401761552
2019-07-01,WP,0,-6.440340371609968,2.721140119996165,-3.874331398457296,-4.156008447241941,-5.309199725703072,-10.751479965695403
2019-08-01,WP,0,-6.250111281645973,2.297388133256252,-5.945972273319554,-5.262680514040209,-8.911264654103510,-13.506040920616016
2019-09-01,WP,0,-7.054723078643805,2.488386476360118,-3.454128630606569,-3.804771775143756,-4.770513929390207,-9.747286882110442
2019-10-01,WP,1,-5.220718539814534,2.910701858904509,-3.275405157710888,-3.185222944507779,-3.549926243314157,-9.371329961123177
2019-11-01,WP,1,-3.793511675326537,4.410805463857109,-2.853315963089873,-3.836514085873060,-2.279024585105824,-11.100635512820041
2019-12-01,WP,1,-5.551243065306001,4.479251519010877,-1.983599712953115,-2.668041789061685,-0.172389983003922,-9.130893021025678
2020-01-01,WP,1,-6.310146295779350,4.194199794868188,-3.343415173262703,-4.051728758923740,-3.200944137318255,-11.589343727054629
2020-02-01,WP,0,-6.768217620957221,4.040324858673291,-3.790474382784493,-3.908576851377263,-3.658726375488465,-11.739376092835046
2020-03-01,WP,1,-4.746359786192230,4.230743380980766,-4.006329487263756,-4.620983722306064,-4.396569828589054,-12.858056590550586
2020-04-01,WP,0,-5.169966846324194,3.577955524464635,-3.126851984254729,-3.414599603249473,-2.963496063039566,-10.119407111968837
2020-05-01,WP,0,-6.260972665583947,2.885163518022581,-3.252011507609911,-3.369121433944954,-3.735969423532284,-9.506296459577447
2020-06-01,WP,0,-5.830194852715517,3.195505156145872,-2.991193601005879,-3.250770585879389,-3.046459030739396,-9.437469343031140
2020-07-01,WP,0,-6.709075627813218,3.092265538593169,-3.049853893407502,-3.225794018380682,-3.183382373195016,-9.367913450381353
2020-08-01,WP,-1,-5.923429252404003,2.668152931482910,-3.700509145096900,-4.008959733256257,-5.041315946870247,-10.377621809836066
2020-09-01,WP,-1,-6.108934723842647,3.284319456809718,-3.673838223402796,-3.363775382474527,-3.753294149067604,-10.321933062687041
2020-10-01,WP,-1,-4.674880422773980,3.988438087630314,-4.533084565637965,-4.464476062040210,-5.009122540047860,-12.985998715308490
2020-11-01,WP,-1,-3.998342010819484,3.850869533231872,-3.643735725198710,-4.002660026451975,-3.795526218418813,-11.497265284882557
2020-12-01,WP,-1,-3.516364082845422,3.926941275869468,-4.806777859295475,-4.612390938518369,-5.492227521944377,-13.346110073683311
2021-01-01,WP,-1,-2.987961997907294,5.054243610127751,-5.606789680154630,-5.914056659219946,-6.466602729246826,-16.575089949502328
2021-02-01,WP,-1,-3.473910614962072,4.969507777433130,-6.702948638266667,-6.862716397098646,-8.596157257932184,-18.535172812798443
2021-03-01,WP,-1,-3.962528873546401,3.687470132120907,-4.778133511564309,-4.885133833507131,-5.975797212950534,-13.350737477192347
2021-04-01,WP,-1,-3.750127487305294,3.746142021440733,-4.254229169951776,-4.958192110426306,-5.466279258937348,-12.958563301818813
2021-05-01,WP,-1,-4.924152035442535,3.267748723319841,-3.850363954054917,-4.274702939463994,-4.857318170199070,-11.392815616838751
2021-06-01,WP,0,-5.231483810806589,3.325673163759249,-2.803099540668801,-2.742116220470002,-2.219542597379554,-8.870888924898050
2021-07-01,WP,0,-4.206920456178721,3.921681426986096,-4.165086473398796,-4.238535003098875,-4.481940049511575,-12.325302903483767
2021-08-01,WP,-1,-5.674859900441397,2.852905125266397,-4.005268371438810,-3.525098430639293,-4.677461676811706,-10.383271927344500
2021-09-01,WP,-1,-5.280172820190942,3.566242896997526,-4.830701312311938,-4.616352588369954,-5.880811003684366,-13.013296797679418
2021-10-01,WP,-1,-4.014628440945121,3.746015459830440,-3.386725520062644,-3.704807102160010,-3.345517162392214,-10.837548082053095
2021-11-01,WP,-1,-4.352473381307670,4.320166238622020,-2.774838968438263,-3.004923646376648,-1.459596376192891,-10.099928853436932
2021-12-01,WP,-1,-2.996852635387758,6.295989452590248,-4.197814029482831,-5.673706471646732,-3.575531048539314,-16.167509953719811
2022-01-01,WP,-1,-3.717184555618168,5.886244235114770,-4.694389606966538,-5.413784335733848,-4.221929707585616,-15.994418177815156
2022-02-01,WP,-1,-3.572199795606054,5.430658393939960,-5.695024773556606,-6.569174289172471,-6.833540668789117,-17.694857456669038
2022-03-01,WP,-1,-4.069759201227479,4.133268214404712,-4.700659590421546,-4.933119846594447,-5.500511222611281,-13.767047651420704
2022-04-01,WP,-1,-3.685985542602225,3.950269940771792,-4.444404663274313,-5.530426287734413,-6.024561010236934,-13.925100891780518
2022-05-01,WP,-1,-4.577149589239995,2.902785292447931,-2.990894610944482,-3.012471283683830,-3.100580602180381,-8.906151187076244
2022-06-01,WP,-1,-4.441776396123406,3.401393840413677,-2.129072509608454,-2.681419850622331,-1.409098519817107,-8.211886200644461
2022-07-01,WP,-1,-5.774653164345885,3.779024669036391,-3.840187688448435,-4.143321775323789,-4.204484794735833,-11.762534132808616
2022-08-01,WP,-1,-5.936714423237942,3.190635249143591,-3.436308435632450,-3.527563844153187,-3.773237030642047,-10.154507528929226
2022-09-01,WP,-1,-4.555594241538835,4.421974516230425,-2.987771839453941,-3.339556272717808,-1.905353595941325,-10.749302628402175
2022-10-01,WP,-1,-4.191677272349810,4.571061876343517,-3.069619696275589,-3.585456656518249,-2.084014476450320,-11.226138229137355
2022-11-01,WP,-1,-3.807931180141182,4.464091198118323,-2.910583359738805,-3.317304036380013,-1.763796198000495,-10.691978594237142
2022-12-01,WP,-1,-3.031740637564907,5.408098714688792,-4.535274130324195,-5.435523570402180,-4.562698986037584,-15.378896415415166
2023-01-01,WP,-1,-2.895870460632137,5.489946376219592,-5.498367839317881,-5.780196890388850,-5.788618353487139,-16.768511105926322
2023-02-01,WP,-1,-3.529160165178226,5.264152956686092,-6.536491352641296,-6.912044594324591,-8.184382990279794,-18.712688903651980
