region,relationship_id,predictor,response,n_months,predictor_std,response_std,Pearson_r,R2,slope,intercept,standardized_slope,deterministic_sign
WP,HCCF_comparator,HCCF_anom,NetPath_high_total_anom,248,0.0642857044,1.6115830277,-0.6410397461,0.4109319560,-16.0702723048,0.0000000000,-0.6410397461,negative
WP,HCTB_candidate_diagnostic,HCTB_anom,NetPath_high_total_anom,248,0.0291370616,1.6115830277,-0.7981152644,0.6369879752,-44.1440881344,-0.0000000000,-0.7981152644,negative
WP,LCSP_diagnostic,LCSP_anom,NetPath_low_anom,248,0.0223271876,0.9435212807,0.9551526988,0.9123166779,40.3636549817,0.0000000000,0.9551526988,positive
CP,HCCF_comparator,HCCF_anom,NetPath_high_total_anom,248,0.0694402836,1.0827955993,-0.4381047044,0.1919357320,-6.8314502976,0.0000000000,-0.4381047044,negative
CP,HCTB_candidate_diagnostic,HCTB_anom,NetPath_high_total_anom,248,0.0183234132,1.0827955993,-0.6407152402,0.4105160190,-37.8621403170,-0.0000000000,-0.6407152402,negative
CP,LCSP_diagnostic,LCSP_anom,NetPath_low_anom,248,0.0295459213,0.9410646843,0.9569844052,0.9158191517,30.4808307839,0.0000000000,0.9569844052,positive
EP,HCCF_comparator,HCCF_anom,NetPath_high_total_anom,248,0.0275803315,0.5006582919,-0.5017600782,0.2517631761,-9.1083148868,0.0000000000,-0.5017600782,negative
EP,HCTB_candidate_diagnostic,HCTB_anom,NetPath_high_total_anom,248,0.0086258935,0.5006582919,-0.4723226988,0.2230887318,-27.4142353474,-0.0000000000,-0.4723226988,negative
EP,LCSP_diagnostic,LCSP_anom,NetPath_low_anom,248,0.0258262598,2.1601202374,0.9512595228,0.9048946798,79.5637834961,-0.0000000000,0.9512595228,positive
