region,relationship_id,predictor,response,n_months,Pearson_r_ci_low_95,Pearson_r_ci_high_95,R2_ci_low_95,R2_ci_high_95,slope_ci_low_95,slope_ci_high_95,standardized_slope_ci_low_95,standardized_slope_ci_high_95,slope_sign_stability_probability,slope_significant
WP,HCCF_comparator,HCCF_anom,NetPath_high_total_anom,248,-0.7124580540,-0.5676603463,0.3222382782,0.5075964787,-20.5716031549,-13.6649226151,-0.7124580540,-0.5676603463,1.0000000000,True
WP,HCTB_candidate_diagnostic,HCTB_anom,NetPath_high_total_anom,248,-0.8382595499,-0.7438529614,0.5533172281,0.7026790784,-47.7948949311,-40.1042917348,-0.8382595499,-0.7438529614,1.0000000000,True
WP,LCSP_diagnostic,LCSP_anom,NetPath_low_anom,248,0.9341360974,0.9715304067,0.8726102499,0.9438713314,38.6732951560,42.0607166888,0.9341360974,0.9715304067,1.0000000000,True
CP,HCCF_comparator,HCCF_anom,NetPath_high_total_anom,248,-0.5391039448,-0.2979286157,0.0887614637,0.2906330645,-9.1696008503,-4.7859622453,-0.5391039448,-0.2979286157,1.0000000000,True
CP,HCTB_candidate_diagnostic,HCTB_anom,NetPath_high_total_anom,248,-0.7329365268,-0.5275568741,0.2783162555,0.5371959529,-44.7236830637,-30.3392202620,-0.7329365268,-0.5275568741,1.0000000000,True
CP,LCSP_diagnostic,LCSP_anom,NetPath_low_anom,248,0.9392347569,0.9670427703,0.8821619286,0.9351717197,28.8456979012,32.6800786725,0.9392347569,0.9670427703,1.0000000000,True
EP,HCCF_comparator,HCCF_anom,NetPath_high_total_anom,248,-0.6172734663,-0.3335933383,0.1112845350,0.3810265331,-12.4470198242,-7.0519916822,-0.6172734663,-0.3335933383,1.0000000000,True
EP,HCTB_candidate_diagnostic,HCTB_anom,NetPath_high_total_anom,248,-0.6486223664,-0.2716781936,0.0738090867,0.4207110118,-36.6843067323,-16.5525793774,-0.6486223664,-0.2716781936,1.0000000000,True
EP,LCSP_diagnostic,LCSP_anom,NetPath_low_anom,248,0.9362111449,0.9626036218,0.8764913080,0.9266057327,74.7291259650,86.5909947815,0.9362111449,0.9626036218,1.0000000000,True
