region,cloud_type,ctp_bin,tau_bin,physical_group,DeltaCF_paired,CRE0_Net_ratio,AmountNet_candidate,ci_low_95,ci_high_95,significant,sign_stability_probability,valid_n_kernel,display_valid_n_ge_24,sensitivity_valid_n_ge_48,plot_dot,plot_hatch,support,term
TP,1,1000-800,0.02-1.27,low cloud,-0.007771424121428498,-10.668947706857088,0.08291291755932843,0.05458350351084189,0.1134707365707253,True,1.0,248,True,True,True,False,paired_valid_candidate_degC05,Occurrence_Net
TP,2,1000-800,1.27-3.55,low cloud,-0.008558897350631464,-31.816181088397297,0.2723114280246945,0.15413087184788243,0.36972482476800805,True,1.0,248,True,True,True,False,paired_valid_candidate_degC05,Occurrence_Net
TP,3,1000-800,3.55-9.38,low cloud,-0.0033021400246617885,-68.12699740651976,0.22496488489609878,-0.32257539691737647,0.743088233259215,False,0.7755,248,True,True,False,False,paired_valid_candidate_degC05,Occurrence_Net
TP,4,1000-800,9.38-22.63,low cloud,-0.0006229902089199199,-113.82639390240746,0.07091272891786192,-0.33754412616503193,0.5245830729030894,False,0.6935,248,True,True,False,False,paired_valid_candidate_degC05,Occurrence_Net
TP,5,1000-800,22.63-60.36,low cloud,-0.0002627189332639116,-156.0320309495886,0.04099256872607755,-0.013996831567927803,0.10408300771394531,False,0.9345,248,True,True,False,False,paired_valid_candidate_degC05,Occurrence_Net
TP,6,1000-800,60.36-378.65,low cloud,-1.4409939482321731e-06,-212.75141221156076,0.0003065734974747075,1.8022933649152437e-05,0.0005703644895082083,True,0.9825,223,True,True,True,False,paired_valid_candidate_degC05,Occurrence_Net
TP,7,800-680,0.02-1.27,low cloud,0.0011022067602997985,-4.674729961504457,-0.005152518966146229,-0.009083278058915416,-0.0014555295865418798,True,0.999,248,True,True,True,False,paired_valid_candidate_degC05,Occurrence_Net
TP,8,800-680,1.27-3.55,low cloud,0.0021911325699876597,-24.401276875792963,-0.053466432511836685,-0.10118116912584614,-0.012811912273270096,True,0.997,248,True,True,True,False,paired_valid_candidate_degC05,Occurrence_Net
TP,9,800-680,3.55-9.38,low cloud,-0.00044472616276775706,-62.300791393635,0.027706791893885797,-0.057549890025689436,0.1012825609312955,False,0.7105,248,True,True,False,False,paired_valid_candidate_degC05,Occurrence_Net
TP,10,800-680,9.38-22.63,low cloud,-0.001279462427150697,-104.34733483832468,0.1335084942989494,0.0732710922817299,0.19760526550902116,True,1.0,248,True,True,True,False,paired_valid_candidate_degC05,Occurrence_Net
TP,11,800-680,22.63-60.36,low cloud,-0.00014161947645905195,-142.82150813646766,0.020226307209378777,0.005326872086188421,0.03730791644022903,True,0.9965,248,True,True,True,False,paired_valid_candidate_degC05,Occurrence_Net
TP,12,800-680,60.36-378.65,low cloud,9.030915087730704e-07,-188.3854303366425,-0.0001701292825135826,-0.0003708817279493816,3.2922905913900564e-05,False,0.943,248,True,True,False,False,paired_valid_candidate_degC05,Occurrence_Net
TP,13,680-560,0.02-1.27,mid-level cloud,0.0017477895127315912,0.9456469769627062,0.0016527918690817504,0.0007822782714737772,0.002569137591777764,True,1.0,248,True,True,True,False,paired_valid_candidate_degC05,Occurrence_Net
TP,14,680-560,1.27-3.55,mid-level cloud,0.0017406865342801774,-11.25763343870852,-0.01959601093462217,-0.0334485030014295,-0.003623880412674166,True,0.996,248,True,True,True,False,paired_valid_candidate_degC05,Occurrence_Net
TP,15,680-560,3.55-9.38,mid-level cloud,0.0006654475333572468,-44.24915919004324,-0.029445493836146423,-0.06631665385706224,0.009942492041684918,False,0.9175,248,True,True,False,False,paired_valid_candidate_degC05,Occurrence_Net
TP,16,680-560,9.38-22.63,mid-level cloud,-0.0005441554475298328,-92.16729913662694,0.050153337909307205,0.010049919833485337,0.0994866670041844,True,0.9935,248,True,True,True,False,paired_valid_candidate_degC05,Occurrence_Net
TP,17,680-560,22.63-60.36,mid-level cloud,-0.00014850419951006237,-134.11618324677627,0.019916816434407347,0.004291228849216421,0.03754041179903654,True,0.993,248,True,True,True,False,paired_valid_candidate_degC05,Occurrence_Net
TP,18,680-560,60.36-378.65,mid-level cloud,2.098524073174503e-06,-187.84805308629055,-0.00039420366150054274,-0.0011357930895483136,0.00029076485227748654,False,0.874,248,True,True,False,False,paired_valid_candidate_degC05,Occurrence_Net
TP,19,560-440,0.02-1.27,mid-level cloud,0.0008249933750607693,8.917882023312133,0.007357193588806039,0.0009919189645776474,0.01082441397032262,True,0.9925,248,True,True,True,False,paired_valid_candidate_degC05,Occurrence_Net
TP,20,560-440,1.27-3.55,mid-level cloud,0.0006058584398362377,-0.0411981247254543,-2.4960231570342473e-05,-3.826205806462797e-05,3.0707084359272693e-06,False,0.9505,248,True,True,False,False,paired_valid_candidate_degC05,Occurrence_Net
TP,21,560-440,3.55-9.38,mid-level cloud,0.0011627007741913681,-34.4407518833117,-0.04004428887845933,-0.06768860446483083,-0.003072649686254517,True,0.9865,248,True,True,True,False,paired_valid_candidate_degC05,Occurrence_Net
TP,22,560-440,9.38-22.63,mid-level cloud,0.0001550229674666696,-82.2856090592532,-0.012756159296167703,-0.05496453780518843,0.040138105394283134,False,0.6495,248,True,True,False,False,paired_valid_candidate_degC05,Occurrence_Net
TP,23,560-440,22.63-60.36,mid-level cloud,-7.240433095972911e-05,-125.0994499028817,0.009057741973648299,-0.013778471931601352,0.034620790092599184,False,0.7795,248,True,True,False,False,paired_valid_candidate_degC05,Occurrence_Net
TP,24,560-440,60.36-378.65,mid-level cloud,1.0838031948001353e-06,-171.95616924154498,-0.00018636664558957923,-0.0012943340047110068,0.0010710766935502576,False,0.627,248,True,True,False,False,paired_valid_candidate_degC05,Occurrence_Net
TP,25,440-310,0.02-1.27,thin high cloud,0.004834938974534155,18.822094397985794,0.0910036777871825,0.03717392207455303,0.14114726992606466,True,0.9995,248,True,True,True,False,paired_valid_candidate_degC05,Occurrence_Net
TP,26,440-310,1.27-3.55,thin high cloud,0.0016060838527174413,10.575618408596576,0.016985329958548283,-0.0006793458921273303,0.02913191220218015,False,0.9675,248,True,True,False,False,paired_valid_candidate_degC05,Occurrence_Net
TP,27,440-310,3.55-9.38,thick anvil cloud,0.0005841002818831268,-31.607126587155015,-0.018461731549072918,-0.045075710534367285,0.010509966673361142,False,0.8545,248,True,True,False,False,paired_valid_candidate_degC05,Occurrence_Net
TP,28,440-310,9.38-22.63,thick anvil cloud,0.00023812123382932135,-71.29692332326987,-0.01697731134997154,-0.04948335402796489,0.01915640465562796,False,0.7515,248,True,True,False,False,paired_valid_candidate_degC05,Occurrence_Net
TP,29,440-310,22.63-60.36,deep convective cloud,-8.205432926151933e-05,-107.9721899039982,0.008859585621469962,-0.01755900752660868,0.0364789258370676,False,0.7645,248,True,True,False,False,paired_valid_candidate_degC05,Occurrence_Net
TP,30,440-310,60.36-378.65,deep convective cloud,-1.258209581065338e-05,-142.94338199271056,0.0017985273277311092,-0.0013508846417609156,0.0050219872549135125,False,0.857,248,True,True,False,False,paired_valid_candidate_degC05,Occurrence_Net
TP,31,310-180,0.02-1.27,thin high cloud,0.005511615707108057,14.658059694709335,0.0807895920490875,0.04233420162672367,0.14474160695590804,True,0.9995,248,True,True,True,False,paired_valid_candidate_degC05,Occurrence_Net
TP,32,310-180,1.27-3.55,thin high cloud,0.0061835136413163835,17.646526390471767,0.10911753665733173,0.062212795553981785,0.16455742420057992,True,1.0,248,True,True,True,False,paired_valid_candidate_degC05,Occurrence_Net
TP,33,310-180,3.55-9.38,thick anvil cloud,0.005288873274329663,-6.394511585718038,-0.03381976142809552,-0.04762611747993081,-0.02068121970994404,True,1.0,248,True,True,True,False,paired_valid_candidate_degC05,Occurrence_Net
TP,34,310-180,9.38-22.63,thick anvil cloud,0.0031515092210380076,-44.38491953094345,-0.13987948317679824,-0.19194362197480735,-0.07969105620856963,True,1.0,248,True,True,True,False,paired_valid_candidate_degC05,Occurrence_Net
TP,35,310-180,22.63-60.36,deep convective cloud,0.0013764511965495482,-75.90078483582586,-0.10447372610632231,-0.1326876963615724,-0.05183617336988547,True,1.0,248,True,True,True,False,paired_valid_candidate_degC05,Occurrence_Net
TP,36,310-180,60.36-378.65,deep convective cloud,3.104373648118346e-05,-99.89556293906112,-0.0031011315315196903,-0.02141113564242575,0.02213864112801967,False,0.4335,248,True,True,False,False,paired_valid_candidate_degC05,Occurrence_Net
TP,37,180-10,0.02-1.27,thin high cloud,0.002069697366869412,7.370645343691535,0.015255005259966663,0.003852538784987161,0.026032716482004923,True,0.996,248,True,True,True,False,paired_valid_candidate_degC05,Occurrence_Net
TP,38,180-10,1.27-3.55,thin high cloud,0.0005075925164490791,38.53289813202953,0.01955901072891289,0.005626250262243128,0.03488400624430042,True,0.996,248,True,True,True,False,paired_valid_candidate_degC05,Occurrence_Net
TP,39,180-10,3.55-9.38,thick anvil cloud,0.0004179019214588704,22.68055870027611,0.009478249060606085,0.0019832001548459443,0.017286254069374556,True,0.992,248,True,True,True,False,paired_valid_candidate_degC05,Occurrence_Net
TP,40,180-10,9.38-22.63,thick anvil cloud,0.0009045192465917322,-28.12938574610431,-0.02544357080215448,-0.040543786259990326,-0.011043030722023072,True,0.9995,248,True,True,True,False,paired_valid_candidate_degC05,Occurrence_Net
TP,41,180-10,22.63-60.36,deep convective cloud,0.0019305518546536065,-63.314889409617535,-0.12223267717692513,-0.17927678543838943,-0.06485924467663931,True,1.0,248,True,True,True,False,paired_valid_candidate_degC05,Occurrence_Net
TP,42,180-10,60.36-378.65,deep convective cloud,0.002298250395723949,-86.59541749238443,-0.1990179525197531,-0.25141202392154727,-0.13209031563108756,True,1.0,248,True,True,True,False,paired_valid_candidate_degC05,Occurrence_Net
WP,1,1000-800,0.02-1.27,low cloud,0.0055254678298170545,-12.006943955584909,-0.06634398256100074,-0.09316800052203186,-0.03881471565533151,True,1.0,248,True,True,True,False,paired_valid_candidate_degC05,Occurrence_Net
WP,2,1000-800,1.27-3.55,low cloud,0.010066097497479325,-30.858839792716164,-0.3106280900125756,-0.4353112648957283,-0.19482303504079335,True,1.0,248,True,True,True,False,paired_valid_candidate_degC05,Occurrence_Net
WP,3,1000-800,3.55-9.38,low cloud,0.003532595526533665,-64.18682452334718,-0.2267460891735776,-0.35648810227339617,-0.08825969574277122,True,1.0,248,True,True,True,False,paired_valid_candidate_degC05,Occurrence_Net
WP,4,1000-800,9.38-22.63,low cloud,3.3005320654568666e-05,-94.42536253049464,-0.0031165393682428687,-0.03578883937301627,0.041469056511079495,False,0.4745,248,True,True,False,False,paired_valid_candidate_degC05,Occurrence_Net
WP,5,1000-800,22.63-60.36,low cloud,-1.35092867464311e-05,-126.06166763007514,0.0017030032157479764,-0.0012858994809252498,0.005057508467571262,False,0.874,243,True,True,False,False,paired_valid_candidate_degC05,Occurrence_Net
WP,6,1000-800,60.36-378.65,low cloud,-1.2453603628422915e-07,-160.9948771827131,2.0049663866401376e-05,-8.931340711088177e-06,4.7512723043165964e-05,False,0.7575,49,True,True,False,False,paired_valid_candidate_degC05,Occurrence_Net
WP,7,800-680,0.02-1.27,low cloud,0.0010608169598960767,-7.224308250184481,-0.0076636687153128465,-0.01142742595864674,-0.0037847607244054695,True,1.0,248,True,True,True,False,paired_valid_candidate_degC05,Occurrence_Net
WP,8,800-680,1.27-3.55,low cloud,0.003287122232712207,-25.33207049346774,-0.08326961211971069,-0.12839368414046068,-0.049236385890383524,True,1.0,248,True,True,True,False,paired_valid_candidate_degC05,Occurrence_Net
WP,9,800-680,3.55-9.38,low cloud,0.006494383927746896,-61.10394648790433,-0.3968324879929523,-0.5321904842279741,-0.26495069351676576,True,1.0,248,True,True,True,False,paired_valid_candidate_degC05,Occurrence_Net
WP,10,800-680,9.38-22.63,low cloud,0.002450489938774855,-95.60949490031028,-0.23429010530455613,-0.31119709667676987,-0.11809088755762417,True,1.0,248,True,True,True,False,paired_valid_candidate_degC05,Occurrence_Net
WP,11,800-680,22.63-60.36,low cloud,0.00023801810076163612,-128.90571598644647,-0.030681893696412863,-0.04816139245601894,-0.0044938190281380045,True,0.9905,248,True,True,True,False,paired_valid_candidate_degC05,Occurrence_Net
WP,12,800-680,60.36-378.65,low cloud,1.5883011276855432e-06,-166.30531855452705,-0.0002641429250002588,-0.0005069760245696787,8.905315115101288e-06,False,0.969,241,True,True,False,False,paired_valid_candidate_degC05,Occurrence_Net
WP,13,680-560,0.02-1.27,mid-level cloud,-0.0024655320514653037,-1.7142591935041862,0.0042265609861036335,0.002342704330492078,0.005731391079852046,True,1.0,248,True,True,True,False,paired_valid_candidate_degC05,Occurrence_Net
WP,14,680-560,1.27-3.55,mid-level cloud,-0.003830603207991206,-13.617462064773934,0.05216309387002158,0.03370885292628948,0.07365209109689506,True,1.0,248,True,True,True,False,paired_valid_candidate_degC05,Occurrence_Net
WP,15,680-560,3.55-9.38,mid-level cloud,-7.54880780176638e-05,-43.51316610342393,0.0032847252776108293,-0.04560492075577067,0.05945983346979135,False,0.574,248,True,True,False,False,paired_valid_candidate_degC05,Occurrence_Net
WP,16,680-560,9.38-22.63,mid-level cloud,0.001089931158683331,-85.51497374763944,-0.0932054344215393,-0.1261655744410213,-0.039187243675389005,True,1.0,248,True,True,True,False,paired_valid_candidate_degC05,Occurrence_Net
WP,17,680-560,22.63-60.36,mid-level cloud,0.0002471708090002046,-125.9140476707476,-0.031122277027269017,-0.04374402189519126,-0.008062908573077525,True,0.9965,248,True,True,True,False,paired_valid_candidate_degC05,Occurrence_Net
WP,18,680-560,60.36-378.65,mid-level cloud,6.228294435569762e-06,-184.3951467237907,-0.0011484672662858556,-0.0018954865993586697,-0.0001469580669579227,True,0.9865,248,True,True,True,False,paired_valid_candidate_degC05,Occurrence_Net
WP,19,560-440,0.02-1.27,mid-level cloud,-0.0028312082379340388,6.821282601377728,-0.019312471494296754,-0.027806189893179924,-0.0135429638593551,True,1.0,248,True,True,True,False,paired_valid_candidate_degC05,Occurrence_Net
WP,20,560-440,1.27-3.55,mid-level cloud,-0.0020323115325297132,-2.182083545049273,0.0044346735535469575,0.0029664603135476494,0.007090787130925547,True,1.0,248,True,True,True,False,paired_valid_candidate_degC05,Occurrence_Net
WP,21,560-440,3.55-9.38,mid-level cloud,-0.002756289592031334,-32.65452993255849,0.09000534098578662,0.03848651183260704,0.15306528623246496,True,1.0,248,True,True,True,False,paired_valid_candidate_degC05,Occurrence_Net
WP,22,560-440,9.38-22.63,mid-level cloud,-0.00017049583709902172,-76.77961781869273,0.01309060521214098,-0.036642391023223586,0.08201637096955768,False,0.7725,248,True,True,False,False,paired_valid_candidate_degC05,Occurrence_Net
WP,23,560-440,22.63-60.36,mid-level cloud,6.890632247240119e-05,-117.23518082236464,-0.008078245174856122,-0.022646133223170037,0.014280247989164729,False,0.659,248,True,True,False,False,paired_valid_candidate_degC05,Occurrence_Net
WP,24,560-440,60.36-378.65,mid-level cloud,4.343623596435261e-06,-175.69498706906367,-0.0007631528916085731,-0.0015240069922830449,0.0003044848420802987,False,0.8885,248,True,True,False,False,paired_valid_candidate_degC05,Occurrence_Net
WP,25,440-310,0.02-1.27,thin high cloud,-0.009181393121683513,17.96575280579979,-0.16495063923703648,-0.2672534932625567,-0.061377909373778586,True,0.999,248,True,True,True,False,paired_valid_candidate_degC05,Occurrence_Net
WP,26,440-310,1.27-3.55,thin high cloud,-0.004283180785767362,10.166101922510975,-0.04354325242065165,-0.07810198070689962,-0.02050314626867595,True,0.9995,248,True,True,True,False,paired_valid_candidate_degC05,Occurrence_Net
WP,27,440-310,3.55-9.38,thick anvil cloud,-0.003262272940047316,-31.028009101007804,0.10122183447375961,0.060325298090561016,0.14265189238844625,True,1.0,248,True,True,True,False,paired_valid_candidate_degC05,Occurrence_Net
WP,28,440-310,9.38-22.63,thick anvil cloud,-0.0015315308784429726,-70.34195653595798,0.10773087848491311,0.04242226745619096,0.17715364959213087,True,0.999,248,True,True,True,False,paired_valid_candidate_degC05,Occurrence_Net
WP,29,440-310,22.63-60.36,deep convective cloud,-0.00019255507924439107,-107.08614558765764,0.020619981249607816,-0.0032424696393214226,0.04692739566422095,False,0.956,248,True,True,False,False,paired_valid_candidate_degC05,Occurrence_Net
WP,30,440-310,60.36-378.65,deep convective cloud,-3.982222943678699e-06,-145.3664385770761,0.0005788815669424928,-0.0011354056366418889,0.003025624719672762,False,0.827,248,True,True,False,False,paired_valid_candidate_degC05,Occurrence_Net
WP,31,310-180,0.02-1.27,thin high cloud,-0.012646428553193034,13.814321300158674,-0.17470182733330938,-0.24733386558565665,-0.049349632360109225,True,0.999,248,True,True,True,False,paired_valid_candidate_degC05,Occurrence_Net
WP,32,310-180,1.27-3.55,thin high cloud,-0.015456782922139742,16.51246961313212,-0.25522965831861194,-0.34294429909544505,-0.12688988498260412,True,1.0,248,True,True,True,False,paired_valid_candidate_degC05,Occurrence_Net
WP,33,310-180,3.55-9.38,thick anvil cloud,-0.01744429391160883,-6.85282040641308,0.11954261329294044,0.07612962108310399,0.15763290713723704,True,1.0,248,True,True,True,False,paired_valid_candidate_degC05,Occurrence_Net
WP,34,310-180,9.38-22.63,thick anvil cloud,-0.011617067826546125,-43.58542760714528,0.5063348687612227,0.36349782337371594,0.645172200702725,True,1.0,248,True,True,True,False,paired_valid_candidate_degC05,Occurrence_Net
WP,35,310-180,22.63-60.36,deep convective cloud,-0.004905132988064508,-74.87571315663789,0.3672753306094802,0.27957414054561197,0.48266791754244165,True,1.0,248,True,True,True,False,paired_valid_candidate_degC05,Occurrence_Net
WP,36,310-180,60.36-378.65,deep convective cloud,-0.00040834099941828737,-100.67737900634948,0.04111070156226645,0.013908370027217985,0.08144046225527193,True,0.9975,248,True,True,True,False,paired_valid_candidate_degC05,Occurrence_Net
WP,37,180-10,0.02-1.27,thin high cloud,-0.00260667663569758,7.638780475001137,-0.019911830589408326,-0.03284074062133236,-0.0048973161829205135,True,0.996,248,True,True,True,False,paired_valid_candidate_degC05,Occurrence_Net
WP,38,180-10,1.27-3.55,thin high cloud,-0.0011770893575660663,35.90260734042149,-0.04226057700928346,-0.0700635296201926,-0.010001281909172256,True,0.995,248,True,True,True,False,paired_valid_candidate_degC05,Occurrence_Net
WP,39,180-10,3.55-9.38,thick anvil cloud,-0.0011128441822560713,20.81336965517713,-0.02316203733390892,-0.039548308447130184,-0.0060962193895871585,True,0.9955,248,True,True,True,False,paired_valid_candidate_degC05,Occurrence_Net
WP,40,180-10,9.38-22.63,thick anvil cloud,-0.002250345913613545,-27.621010716641024,0.06215682859606906,0.025873233631856445,0.09605538555229805,True,0.9995,248,True,True,True,False,paired_valid_candidate_degC05,Occurrence_Net
WP,41,180-10,22.63-60.36,deep convective cloud,-0.004163641560623812,-62.31077583379352,0.2594397359362966,0.1443392756460505,0.36143862998922466,True,1.0,248,True,True,True,False,paired_valid_candidate_degC05,Occurrence_Net
WP,42,180-10,60.36-378.65,deep convective cloud,-0.002682129530875408,-85.42789410868988,0.22912867754941443,0.11413368670143738,0.36241039049455587,True,1.0,248,True,True,True,False,paired_valid_candidate_degC05,Occurrence_Net
CP,1,1000-800,0.02-1.27,low cloud,-0.024901919863663607,-10.397432898801092,0.2589160408337644,0.19357633464995738,0.31666467618826366,True,1.0,248,True,True,True,False,paired_valid_candidate_degC05,Occurrence_Net
CP,2,1000-800,1.27-3.55,low cloud,-0.025279645322921512,-29.76806694478621,0.7525261743131791,0.6161989400247292,0.8324177167761463,True,1.0,248,True,True,True,False,paired_valid_candidate_degC05,Occurrence_Net
CP,3,1000-800,3.55-9.38,low cloud,-0.007322792796036367,-64.6561783842179,0.4734637972911931,0.38047477851675215,0.5317569135968806,True,1.0,248,True,True,True,False,paired_valid_candidate_degC05,Occurrence_Net
CP,4,1000-800,9.38-22.63,low cloud,-0.00044751699758604807,-105.84171404773488,0.04736596609000336,0.032247435416428126,0.061103316042589416,True,1.0,248,True,True,True,False,paired_valid_candidate_degC05,Occurrence_Net
CP,5,1000-800,22.63-60.36,low cloud,-8.704357252219269e-07,-137.17766179504684,0.00011940433752881982,-0.0002444753058949447,0.0007065043371659624,False,0.794,247,True,True,False,False,paired_valid_candidate_degC05,Occurrence_Net
CP,6,1000-800,60.36-378.65,low cloud,-7.15711936854906e-11,-146.89665308390846,1.0513568809618733e-08,-7.312362873694892e-08,6.069822471059583e-08,False,0.5115,17,False,False,False,True,paired_valid_candidate_degC05,Occurrence_Net
CP,7,800-680,0.02-1.27,low cloud,0.00047969298471140474,-4.405995525197294,-0.0021135251441069835,-0.006109589427998246,0.0006523558462511528,False,0.933,248,True,True,False,False,paired_valid_candidate_degC05,Occurrence_Net
CP,8,800-680,1.27-3.55,low cloud,0.001928126654602083,-23.298865371635284,-0.04492316334503546,-0.08142175274563455,-0.011822515397585404,True,0.997,248,True,True,True,False,paired_valid_candidate_degC05,Occurrence_Net
CP,9,800-680,3.55-9.38,low cloud,-0.0038036006635867974,-60.735179716224174,0.23101236987169366,0.14982698740505784,0.2855516565770727,True,0.9995,248,True,True,True,False,paired_valid_candidate_degC05,Occurrence_Net
CP,10,800-680,9.38-22.63,low cloud,-0.001886985416559169,-102.45548055244028,0.19333199764901635,0.15491086161348838,0.21997500432669528,True,1.0,248,True,True,True,False,paired_valid_candidate_degC05,Occurrence_Net
CP,11,800-680,22.63-60.36,low cloud,-7.292297643190062e-05,-139.6188344698068,0.010181420975491155,0.00634458627951369,0.014871868883298143,True,0.9995,248,True,True,True,False,paired_valid_candidate_degC05,Occurrence_Net
CP,12,800-680,60.36-378.65,low cloud,4.456898144154088e-07,-180.00416457839785,-8.022602270494684e-05,-0.00015821403405334738,-2.2443445309380913e-06,True,0.977,243,True,True,True,False,paired_valid_candidate_degC05,Occurrence_Net
CP,13,680-560,0.02-1.27,mid-level cloud,0.004076043234420908,1.8167246548947509,0.007405048238389408,0.0052294311186828,0.009283980652656941,True,1.0,248,True,True,True,False,paired_valid_candidate_degC05,Occurrence_Net
CP,14,680-560,1.27-3.55,mid-level cloud,0.005441776263940264,-9.312235225198943,-0.05067510061271603,-0.06378899302503932,-0.03131298385053823,True,1.0,248,True,True,True,False,paired_valid_candidate_degC05,Occurrence_Net
CP,15,680-560,3.55-9.38,mid-level cloud,0.001574954679275856,-41.24398272914038,-0.06495740359123223,-0.10164143466066554,-0.018088824828925786,True,0.996,248,True,True,True,False,paired_valid_candidate_degC05,Occurrence_Net
CP,16,680-560,9.38-22.63,mid-level cloud,-0.0007833048661168842,-90.2793292397578,0.0707162379032706,0.05283064720113249,0.09625426201168004,True,1.0,248,True,True,True,False,paired_valid_candidate_degC05,Occurrence_Net
CP,17,680-560,22.63-60.36,mid-level cloud,-0.00018387482424700246,-133.2532627243256,0.024501920263775012,0.019214555383404986,0.030953824699014563,True,1.0,248,True,True,True,False,paired_valid_candidate_degC05,Occurrence_Net
CP,18,680-560,60.36-378.65,mid-level cloud,-2.1740861768140324e-06,-196.04990780620176,0.0004262293945271287,0.0002002329777101765,0.0006050688692978058,True,1.0,248,True,True,True,False,paired_valid_candidate_degC05,Occurrence_Net
CP,19,560-440,0.02-1.27,mid-level cloud,0.003022980173932644,9.805876150534855,0.029642969191105824,0.0173063451868211,0.036493676471175546,True,1.0,248,True,True,True,False,paired_valid_candidate_degC05,Occurrence_Net
CP,20,560-440,1.27-3.55,mid-level cloud,0.002306909618554515,2.0142591595790806,0.004646713829494515,0.002549635715017146,0.005563657079710911,True,1.0,248,True,True,True,False,paired_valid_candidate_degC05,Occurrence_Net
CP,21,560-440,3.55-9.38,mid-level cloud,0.0031271178202274107,-32.85411498100634,-0.10273868842490527,-0.13759793771824336,-0.048884384278496514,True,1.0,248,True,True,True,False,paired_valid_candidate_degC05,Occurrence_Net
CP,22,560-440,9.38-22.63,mid-level cloud,-7.630032511780037e-05,-80.5917259725136,0.006149174893507464,-0.04550355497752094,0.06796470548079085,False,0.6665,248,True,True,False,False,paired_valid_candidate_degC05,Occurrence_Net
CP,23,560-440,22.63-60.36,mid-level cloud,-0.00023594844414027408,-122.69316684650236,0.02894926182407529,0.007445835491017557,0.049873751865193355,True,0.9965,248,True,True,True,False,paired_valid_candidate_degC05,Occurrence_Net
CP,24,560-440,60.36-378.65,mid-level cloud,-6.481972794186646e-06,-178.6238697274417,0.0011578350639656167,0.0004572314724345491,0.0018149842017705093,True,1.0,248,True,True,True,False,paired_valid_candidate_degC05,Occurrence_Net
CP,25,440-310,0.02-1.27,thin high cloud,0.017612793371334742,19.932046567256616,0.3510590176569127,0.24893952231182426,0.4313614528859958,True,1.0,248,True,True,True,False,paired_valid_candidate_degC05,Occurrence_Net
CP,26,440-310,1.27-3.55,thin high cloud,0.0066277728118796925,11.249668289983054,0.0745602456350148,0.04470291472992097,0.09503094934658976,True,1.0,248,True,True,True,False,paired_valid_candidate_degC05,Occurrence_Net
CP,27,440-310,3.55-9.38,thick anvil cloud,0.0032935565062283626,-31.189767425484657,-0.10272526143195444,-0.1465849670368756,-0.05302914191068241,True,1.0,248,True,True,True,False,paired_valid_candidate_degC05,Occurrence_Net
CP,28,440-310,9.38-22.63,thick anvil cloud,0.000687413641209068,-70.73763817422194,-0.048626017427871475,-0.10525661854122449,0.0182634757779554,False,0.914,248,True,True,False,False,paired_valid_candidate_degC05,Occurrence_Net
CP,29,440-310,22.63-60.36,deep convective cloud,-0.0005023781389139625,-106.79152051188008,0.05364972532655057,0.01825942545917028,0.09191424502232973,True,0.998,248,True,True,True,False,paired_valid_candidate_degC05,Occurrence_Net
CP,30,440-310,60.36-378.65,deep convective cloud,-6.21694222406552e-05,-142.1593708702673,0.008837965953099547,0.00464824409990175,0.012709292414077611,True,1.0,248,True,True,True,False,paired_valid_candidate_degC05,Occurrence_Net
CP,31,310-180,0.02-1.27,thin high cloud,0.018877258408140904,15.713087989114698,0.29662002236037327,0.2266034899844145,0.3801581145649063,True,1.0,248,True,True,True,False,paired_valid_candidate_degC05,Occurrence_Net
CP,32,310-180,1.27-3.55,thin high cloud,0.024921022080651195,19.634904764917454,0.48932189519799124,0.38749045335072313,0.6011129650980773,True,1.0,248,True,True,True,False,paired_valid_candidate_degC05,Occurrence_Net
CP,33,310-180,3.55-9.38,thick anvil cloud,0.02341053667334153,-4.782814015753025,-0.11196824291755807,-0.13585014166235035,-0.08690655012124374,True,1.0,248,True,True,True,False,paired_valid_candidate_degC05,Occurrence_Net
CP,34,310-180,9.38-22.63,thick anvil cloud,0.013786597500836849,-43.24560707726022,-0.5962097784535281,-0.7205478564399603,-0.4542023612058658,True,1.0,248,True,True,True,False,paired_valid_candidate_degC05,Occurrence_Net
CP,35,310-180,22.63-60.36,deep convective cloud,0.00518655610619384,-74.3409439241407,-0.38557347664996583,-0.4644801859715642,-0.27253683852523886,True,1.0,248,True,True,True,False,paired_valid_candidate_degC05,Occurrence_Net
CP,36,310-180,60.36-378.65,deep convective cloud,0.0002046470048598782,-97.89697168524442,-0.020034322040237574,-0.044331088321320336,0.0111259679307892,False,0.8625,248,True,True,False,False,paired_valid_candidate_degC05,Occurrence_Net
CP,37,180-10,0.02-1.27,thin high cloud,0.0036933171180484684,7.974184051660132,0.02945119046046546,0.002643271865200655,0.05294908446586608,True,0.9835,248,True,True,True,False,paired_valid_candidate_degC05,Occurrence_Net
CP,38,180-10,1.27-3.55,thin high cloud,0.0021075709983477487,41.46957549767473,0.08740007463269167,0.05789745816384207,0.11529591463702454,True,1.0,248,True,True,True,False,paired_valid_candidate_degC05,Occurrence_Net
CP,39,180-10,3.55-9.38,thick anvil cloud,0.0019213284996767357,25.62830738600475,0.049240397379206706,0.0327584869451052,0.06551755537256035,True,1.0,248,True,True,True,False,paired_valid_candidate_degC05,Occurrence_Net
CP,40,180-10,9.38-22.63,thick anvil cloud,0.003946861967675408,-28.245905474332503,-0.11148269005919756,-0.14767369770209549,-0.0784277970135829,True,1.0,248,True,True,True,False,paired_valid_candidate_degC05,Occurrence_Net
CP,41,180-10,22.63-60.36,deep convective cloud,0.007580835441322414,-63.161450152304575,-0.4788165598399095,-0.612348168793044,-0.3491892032949335,True,1.0,248,True,True,True,False,paired_valid_candidate_degC05,Occurrence_Net
CP,42,180-10,60.36-378.65,deep convective cloud,0.007151956102211266,-85.37442683470685,-0.6105941529732709,-0.7341841977260269,-0.4631824322371466,True,1.0,248,True,True,True,False,paired_valid_candidate_degC05,Occurrence_Net
EP,1,1000-800,0.02-1.27,low cloud,-0.003123307047623293,-10.55197985730893,0.032957073054712016,-0.002770741128661014,0.08095769520233231,False,0.967,248,True,True,False,False,paired_valid_candidate_degC05,Occurrence_Net
EP,2,1000-800,1.27-3.55,low cloud,-0.007256938092276025,-32.811056711985884,0.23810780730103928,-0.020139654039149864,0.4787348406482416,False,0.96,248,True,True,False,False,paired_valid_candidate_degC05,Occurrence_Net
EP,3,1000-800,3.55-9.38,low cloud,-0.00427689964548357,-68.83730307603462,0.29441023712193753,-0.9598212834954803,1.5177689989660696,False,0.6545,248,True,True,False,False,paired_valid_candidate_degC05,Occurrence_Net
EP,4,1000-800,9.38-22.63,low cloud,-0.000864988987851846,-114.3669139843989,0.09892612117110434,-0.8128033704018395,1.1233034289231636,False,0.6555,248,True,True,False,False,paired_valid_candidate_degC05,Occurrence_Net
EP,5,1000-800,22.63-60.36,low cloud,-0.0005983829951696305,-156.60538044094312,0.09370999660793101,-0.029889724574355243,0.23562216752273524,False,0.9345,248,True,True,False,False,paired_valid_candidate_degC05,Occurrence_Net
EP,6,1000-800,60.36-378.65,low cloud,-3.222675246357008e-06,-214.32114795051336,0.0006906874582709374,3.4787044783168795e-05,0.0013021940003846775,True,0.982,213,True,True,True,False,paired_valid_candidate_degC05,Occurrence_Net
EP,7,800-680,0.02-1.27,low cloud,0.001575231839370599,-2.8582334196088004,-0.0045023802869208875,-0.008850067582355396,-0.0005183392211179869,True,0.988,248,True,True,True,False,paired_valid_candidate_degC05,Occurrence_Net
EP,8,800-680,1.27-3.55,low cloud,0.00176129543297485,-24.77760807074851,-0.04364068793505013,-0.11767692855101712,0.024427762820895375,False,0.886,248,True,True,False,False,paired_valid_candidate_degC05,Occurrence_Net
EP,9,800-680,3.55-9.38,low cloud,-0.0020301648072575257,-63.412343726591985,0.12873750857944458,-0.02659550282611907,0.26371171976338414,False,0.9455,248,True,True,False,False,paired_valid_candidate_degC05,Occurrence_Net
EP,10,800-680,9.38-22.63,low cloud,-0.0029214931649884403,-106.67457373514462,0.3116490380452804,0.1618141600829325,0.4641772293945751,True,1.0,248,True,True,True,False,paired_valid_candidate_degC05,Occurrence_Net
EP,11,800-680,22.63-60.36,low cloud,-0.00040076258676996165,-146.00290707096465,0.05851250271369412,0.02313698752044942,0.09799833178049974,True,0.999,248,True,True,True,False,paired_valid_candidate_degC05,Occurrence_Net
EP,12,800-680,60.36-378.65,low cloud,8.39911952516765e-07,-194.99491442904608,-0.0001637785593089396,-0.0006485844902222822,0.00036714426734630934,False,0.7085,248,True,True,False,False,paired_valid_candidate_degC05,Occurrence_Net
EP,13,680-560,0.02-1.27,mid-level cloud,0.0025082863318201514,3.5410604860621606,0.008881993617338138,0.002909636216847152,0.01593673634245545,True,1.0,248,True,True,True,False,paired_valid_candidate_degC05,Occurrence_Net
EP,14,680-560,1.27-3.55,mid-level cloud,0.002311326327638615,-10.710657355179384,-0.024755824331342286,-0.048763800790160766,-0.0018288705018072579,True,0.989,248,True,True,True,False,paired_valid_candidate_degC05,Occurrence_Net
EP,15,680-560,3.55-9.38,mid-level cloud,0.00044447248718625966,-46.878776929839304,-0.020836326578255526,-0.07726044858524803,0.031709164320443434,False,0.7685,248,True,True,False,False,paired_valid_candidate_degC05,Occurrence_Net
EP,16,680-560,9.38-22.63,mid-level cloud,-0.0012973040541850566,-95.46189250239392,0.1238431001635337,0.03237637217958611,0.21357856519036586,True,0.998,248,True,True,True,False,paired_valid_candidate_degC05,Occurrence_Net
EP,17,680-560,22.63-60.36,mid-level cloud,-0.0003414676888521221,-136.43988962599408,0.046589813777826825,0.008153928715763887,0.08396285893774542,True,0.991,248,True,True,True,False,paired_valid_candidate_degC05,Occurrence_Net
EP,18,680-560,60.36-378.65,mid-level cloud,2.8008535928454176e-06,-187.64605098886523,-0.0005255691160954176,-0.0022007363529296083,0.0010744683355301977,False,0.769,248,True,True,False,False,paired_valid_candidate_degC05,Occurrence_Net
EP,19,560-440,0.02-1.27,mid-level cloud,0.0013566587589008009,11.403420650765533,0.01547055050729133,0.004161445686722382,0.02726097470168446,True,0.9995,248,True,True,True,False,paired_valid_candidate_degC05,Occurrence_Net
EP,20,560-440,1.27-3.55,mid-level cloud,0.0009278025067998015,0.766082858586825,0.0007107735966132141,7.20494996536256e-05,0.001312946112390146,True,0.991,248,True,True,True,False,paired_valid_candidate_degC05,Occurrence_Net
EP,21,560-440,3.55-9.38,mid-level cloud,0.0020241152163493576,-37.97489061228243,-0.07686555392752324,-0.12992382265090593,-0.02677721413320264,True,0.9995,248,True,True,True,False,paired_valid_candidate_degC05,Occurrence_Net
EP,22,560-440,9.38-22.63,mid-level cloud,0.0005111760501919369,-86.32738789015295,-0.044128493165075625,-0.11276304741052698,0.016353393612965707,False,0.92,248,True,True,False,False,paired_valid_candidate_degC05,Occurrence_Net
EP,23,560-440,22.63-60.36,mid-level cloud,-3.518868262171069e-05,-128.46860736183837,0.004520641051308896,-0.037977812517319694,0.04576004379804691,False,0.5595,248,True,True,False,False,paired_valid_candidate_degC05,Occurrence_Net
EP,24,560-440,60.36-378.65,mid-level cloud,4.653737980001006e-06,-168.86705055311162,-0.0007858630067297655,-0.0029926087398643884,0.0014567106644289888,False,0.7745,248,True,True,False,False,paired_valid_candidate_degC05,Occurrence_Net
EP,25,440-310,0.02-1.27,thin high cloud,0.0037304810900719958,18.688262618649183,0.06971621030517014,0.013421529419903043,0.13225186551999082,True,0.9955,248,True,True,True,False,paired_valid_candidate_degC05,Occurrence_Net
EP,26,440-310,1.27-3.55,thin high cloud,0.0013946142883929308,10.321358987379991,0.014394314719432926,5.617251470834613e-06,0.02837534847694298,True,0.975,248,True,True,True,False,paired_valid_candidate_degC05,Occurrence_Net
EP,27,440-310,3.55-9.38,thick anvil cloud,0.0008656944452846271,-32.69061708509715,-0.02830008562349533,-0.06961393293342683,0.009524564470267711,False,0.9005,248,True,True,False,False,paired_valid_candidate_degC05,Occurrence_Net
EP,28,440-310,9.38-22.63,thick anvil cloud,0.0009339876198792814,-72.53028294804064,-0.0677423863398113,-0.11683702715291572,-0.023839379892271896,True,0.999,248,True,True,True,False,paired_valid_candidate_degC05,Occurrence_Net
EP,29,440-310,22.63-60.36,deep convective cloud,0.0002778688679143681,-109.27416440714892,-0.030363888356103007,-0.07432048234038824,0.008659181866323426,False,0.937,248,True,True,False,False,paired_valid_candidate_degC05,Occurrence_Net
EP,30,440-310,60.36-378.65,deep convective cloud,1.779640353322893e-05,-142.4859287075757,-0.002535737085086906,-0.007841631617365105,0.0025196414564513246,False,0.8545,248,True,True,False,False,paired_valid_candidate_degC05,Occurrence_Net
EP,31,310-180,0.02-1.27,thin high cloud,0.006351993831578893,14.3466316752722,0.09112971590526336,0.03075964156356936,0.16895953538427555,True,1.0,248,True,True,True,False,paired_valid_candidate_degC05,Occurrence_Net
EP,32,310-180,1.27-3.55,thin high cloud,0.005237885240391309,16.578191612610038,0.0868346651600691,0.012806944941617781,0.17655005263475104,True,0.997,248,True,True,True,False,paired_valid_candidate_degC05,Occurrence_Net
EP,33,310-180,3.55-9.38,thick anvil cloud,0.0054413396614934675,-7.9443552301704035,-0.04322793519891928,-0.08141628920182845,-0.008887389254444487,True,0.9985,248,True,True,True,False,paired_valid_candidate_degC05,Occurrence_Net
EP,34,310-180,9.38-22.63,thick anvil cloud,0.004015787985214682,-47.20992645356045,-0.18958505543507684,-0.34333478056031885,-0.052386472686356066,True,0.9985,248,True,True,True,False,paired_valid_candidate_degC05,Occurrence_Net
EP,35,310-180,22.63-60.36,deep convective cloud,0.00224694875805225,-78.9163860148467,-0.17732107554603171,-0.2943690343865472,-0.06312236963276481,True,0.999,248,True,True,True,False,paired_valid_candidate_degC05,Occurrence_Net
EP,36,310-180,60.36-378.65,deep convective cloud,0.00015724116595061417,-101.08332814471255,-0.015894460375643134,-0.0368074234674224,0.012195427454456835,False,0.8395,248,True,True,False,False,paired_valid_candidate_degC05,Occurrence_Net
EP,37,180-10,0.02-1.27,thin high cloud,0.0036052201995098038,5.886851522309018,0.02122339601974351,0.012813875361616963,0.030125197105846158,True,1.0,248,True,True,True,False,paired_valid_candidate_degC05,Occurrence_Net
EP,38,180-10,1.27-3.55,thin high cloud,0.0003305308879375594,38.77048562539437,0.012814843039531985,0.0020209320614279483,0.025188799844771403,True,0.994,248,True,True,True,False,paired_valid_candidate_degC05,Occurrence_Net
EP,39,180-10,3.55-9.38,thick anvil cloud,0.0002167257332871352,22.709304717750214,0.004921690717395414,0.0019826888473377722,0.008623012220092414,True,1.0,248,True,True,True,False,paired_valid_candidate_degC05,Occurrence_Net
EP,40,180-10,9.38-22.63,thick anvil cloud,0.000528978493285966,-30.28223700090704,-0.016018652102068338,-0.030581466223050774,-0.004725200111514891,True,1.0,248,True,True,True,False,paired_valid_candidate_degC05,Occurrence_Net
EP,41,180-10,22.63-60.36,deep convective cloud,0.0013703822636605067,-66.8417212803406,-0.09159870931511781,-0.17620432810714118,-0.02667505519014315,True,1.0,248,True,True,True,False,paired_valid_candidate_degC05,Occurrence_Net
EP,42,180-10,60.36-378.65,deep convective cloud,0.0016744908359395574,-90.7975165610936,-0.15203960940762143,-0.26201207034525403,-0.05904365342171413,True,1.0,248,True,True,True,False,paired_valid_candidate_degC05,Occurrence_Net
