region,cloud_type,ctp_bin,tau_bin,physical_group,DeltaCF_paired,CRE0_SW_ratio,CRE0_LW_ratio,CRE0_Net_ratio,AmountSW_candidate,AmountLW_candidate,AmountNet_candidate,valid_n_kernel,display_valid_n_ge_24,sensitivity_valid_n_ge_48,SW_LW_Net_closure_residual
TP,1,1000-800,0.02-1.27,low cloud,-0.007771424121428498,-9.581458940034503,-1.0874887668225808,-10.668947706857088,0.07446158112506086,0.008451336434267535,0.08291291755932843,248,True,True,4.163336342344337e-17
TP,2,1000-800,1.27-3.55,low cloud,-0.008558897350631464,-33.97958117312515,2.163400084727854,-31.816181088397297,0.2908277472782276,-0.018516319253533114,0.2723114280246945,248,True,True,5.551115123125783e-17
TP,3,1000-800,3.55-9.38,low cloud,-0.0033021400246617885,-73.39344688974923,5.2664494832294375,-68.12699740651976,0.2423554385225302,-0.01739055362643132,0.22496488489609878,248,True,True,-8.326672684688674e-17
TP,4,1000-800,9.38-22.63,low cloud,-0.0006229902089199199,-120.4229763300388,6.59658242763136,-113.82639390240746,0.07502233518260944,-0.004109606264747534,0.07091272891786192,248,True,True,1.3877787807814457e-17
TP,5,1000-800,22.63-60.36,low cloud,-0.0002627189332639116,-159.43014973413693,3.398118784548354,-156.0320309495886,0.04188531886825815,-0.0008927501421806033,0.04099256872607755,248,True,True,6.938893903907228e-18
TP,6,1000-800,60.36-378.65,low cloud,-1.4409939482321731e-06,-212.36056379218223,-0.3908484193785165,-212.75141221156076,0.00030601028726770697,5.632102070005527e-07,0.0003065734974747075,223,True,True,0.0
TP,7,800-680,0.02-1.27,low cloud,0.0011022067602997985,-12.253321966101709,7.578592004597251,-4.674729961504457,-0.013505694307167321,0.00835317534102109,-0.005152518966146229,248,True,True,1.734723475976807e-18
TP,8,800-680,1.27-3.55,low cloud,0.0021911325699876597,-37.28453703254341,12.883260156750463,-24.401276875792963,-0.08169536344891691,0.02822893093708026,-0.053466432511836685,248,True,True,-3.469446951953614e-17
TP,9,800-680,3.55-9.38,low cloud,-0.00044472616276775706,-75.9691533500667,13.6683619564317,-62.300791393635,0.03378547005809046,-0.006078678164204663,0.027706791893885797,248,True,True,-3.469446951953614e-18
TP,10,800-680,9.38-22.63,low cloud,-0.001279462427150697,-118.37438881556628,14.027053977241602,-104.34733483832468,0.15145558282644475,-0.017947088527495377,0.1335084942989494,248,True,True,2.7755575615628914e-17
TP,11,800-680,22.63-60.36,low cloud,-0.00014161947645905195,-155.94208054360212,13.12057240713447,-142.82150813646766,0.022084435804520245,-0.0018581285951414666,0.020226307209378777,248,True,True,0.0
TP,12,800-680,60.36-378.65,low cloud,9.030915087730704e-07,-202.8171107094825,14.431680372840033,-188.3854303366425,-0.00018316241051562142,1.3033128002038812e-05,-0.0001701292825135826,248,True,True,0.0
TP,13,680-560,0.02-1.27,mid-level cloud,0.0017477895127315912,-13.3890807758855,14.334727752848206,0.9456469769627062,-0.023401294965208833,0.025054086834290584,0.0016527918690817504,248,True,True,-1.3010426069826053e-18
TP,14,680-560,1.27-3.55,mid-level cloud,0.0017406865342801774,-38.42775713727587,27.170123698567355,-11.25763343870852,-0.06689067939144508,0.047294668456822925,-0.01959601093462217,248,True,True,-1.3877787807814457e-17
TP,15,680-560,3.55-9.38,mid-level cloud,0.0006654475333572468,-76.35261379806768,32.10345460802445,-44.24915919004324,-0.050808658517302624,0.02136316468115621,-0.029445493836146423,248,True,True,-6.938893903907228e-18
TP,16,680-560,9.38-22.63,mid-level cloud,-0.0005441554475298328,-122.5831778488344,30.415878712207466,-92.16729913662694,0.06670430400196156,-0.016550966092654367,0.050153337909307205,248,True,True,1.3877787807814457e-17
TP,17,680-560,22.63-60.36,mid-level cloud,-0.00014850419951006237,-162.28643869431028,28.170255447534014,-134.11618324677627,0.02410021766963736,-0.004183401235230012,0.019916816434407347,248,True,True,0.0
TP,18,680-560,60.36-378.65,mid-level cloud,2.098524073174503e-06,-215.5488285088797,27.70077542258916,-187.84805308629055,-0.0004523344055704467,5.813074406990397e-05,-0.00039420366150054274,248,True,True,-5.421010862427522e-20
TP,19,560-440,0.02-1.27,mid-level cloud,0.0008249933750607693,-9.852690553859969,18.770572577172103,8.917882023312133,-0.008128404433458296,0.015485598022264336,0.007357193588806039,248,True,True,-8.673617379884035e-19
TP,20,560-440,1.27-3.55,mid-level cloud,0.0006058584398362377,-45.52413749817286,45.482939373447415,-0.0411981247254543,-0.027581182919533376,0.027556222687963036,-2.4960231570342473e-05,248,True,True,-2.2260025853843013e-18
TP,21,560-440,3.55-9.38,mid-level cloud,0.0011627007741913681,-84.66184366411753,50.22109178080583,-34.4407518833117,-0.09843639117273803,0.05839210229427869,-0.04004428887845933,248,True,True,6.938893903907228e-18
TP,22,560-440,9.38-22.63,mid-level cloud,0.0001550229674666696,-131.8705628559093,49.58495379665607,-82.2856090592532,-0.020442965975423034,0.007686806679255329,-0.012756159296167703,248,True,True,1.734723475976807e-18
TP,23,560-440,22.63-60.36,mid-level cloud,-7.240433095972911e-05,-172.87900925580297,47.77955935292124,-125.0994499028817,0.01251718900214723,-0.00345944702849893,0.009057741973648299,248,True,True,-1.734723475976807e-18
TP,24,560-440,60.36-378.65,mid-level cloud,1.0838031948001353e-06,-226.8668287541289,54.91065951258396,-171.95616924154498,-0.0002458789937979001,5.951234820832094e-05,-0.00018636664558957923,248,True,True,-8.131516293641283e-20
TP,25,440-310,0.02-1.27,thin high cloud,0.004834938974534155,-18.184536762621796,37.00663116060758,18.822094397985794,-0.08792112552744928,0.17892480331463173,0.0910036777871825,248,True,True,5.551115123125783e-17
TP,26,440-310,1.27-3.55,thin high cloud,0.0016060838527174413,-54.87343855307073,65.4490569616673,10.575618408596576,-0.08813134360316961,0.10511667356171787,0.016985329958548283,248,True,True,2.0816681711721685e-17
TP,27,440-310,3.55-9.38,thick anvil cloud,0.0005841002818831268,-108.6383127625638,77.03118617540876,-31.607126587155015,-0.0634556691079208,0.04499393755884788,-0.018461731549072918,248,True,True,3.469446951953614e-18
TP,28,440-310,9.38-22.63,thick anvil cloud,0.00023812123382932135,-152.9655457636829,81.66862244041305,-71.29692332326987,-0.03642434449062369,0.019447033140652156,-0.01697731134997154,248,True,True,-3.469446951953614e-18
TP,29,440-310,22.63-60.36,deep convective cloud,-8.205432926151933e-05,-190.4891911913818,82.5170012873836,-107.9721899039982,0.01563046281477815,-0.006770877193308188,0.008859585621469962,248,True,True,0.0
TP,30,440-310,60.36-378.65,deep convective cloud,-1.258209581065338e-05,-229.50267118643563,86.55928919372505,-142.94338199271056,0.0028876245976686117,-0.0010890972699375023,0.0017985273277311092,248,True,True,-2.168404344971009e-19
TP,31,310-180,0.02-1.27,thin high cloud,0.005511615707108057,-15.06911430849397,29.727174003203302,14.658059694709335,-0.08305516711490214,0.16384475916398963,0.0807895920490875,248,True,True,1.3877787807814457e-17
TP,32,310-180,1.27-3.55,thin high cloud,0.0061835136413163835,-65.57041207082423,83.216938461296,17.646526390471767,-0.4054555375066781,0.5145730741640098,0.10911753665733173,248,True,True,8.326672684688674e-17
TP,33,310-180,3.55-9.38,thick anvil cloud,0.005288873274329663,-115.93631003113322,109.5417984454152,-6.394511585718038,-0.6131724516480584,0.579352690219963,-0.03381976142809552,248,True,True,-1.249000902703301e-16
TP,34,310-180,9.38-22.63,thick anvil cloud,0.0031515092210380076,-169.05400366080167,124.6690841298582,-44.38491953094345,-0.5327752513904096,0.3928957682136113,-0.13987948317679824,248,True,True,8.326672684688674e-17
TP,35,310-180,22.63-60.36,deep convective cloud,0.0013764511965495482,-209.4063543931162,133.5055695572904,-75.90078483582586,-0.2882376270694835,0.18376390096316134,-0.10447372610632231,248,True,True,-1.249000902703301e-16
TP,36,310-180,60.36-378.65,deep convective cloud,3.104373648118346e-05,-240.6377826100346,140.7422196709735,-99.89556293906112,-0.007470295910762226,0.004369164379242537,-0.0031011315315196903,248,True,True,-8.673617379884035e-19
TP,37,180-10,0.02-1.27,thin high cloud,0.002069697366869412,0.003718557252554,7.366926786438981,7.370645343691535,7.696288154164169e-06,0.0152473089718125,0.015255005259966663,248,True,True,0.0
TP,38,180-10,1.27-3.55,thin high cloud,0.0005075925164490791,-66.71963967595457,105.25253780798413,38.53289813202953,-0.0338663897996936,0.053425400528606504,0.01955901072891289,248,True,True,-1.3877787807814457e-17
TP,39,180-10,3.55-9.38,thick anvil cloud,0.0004179019214588704,-114.32915669273537,137.00971539301145,22.68055870027611,-0.04777837426066638,0.05725662332127246,0.009478249060606085,248,True,True,8.673617379884035e-18
TP,40,180-10,9.38-22.63,thick anvil cloud,0.0009045192465917322,-186.57354207647035,158.44415633036604,-28.12938574610431,-0.1687593597129598,0.14331578891080532,-0.02544357080215448,248,True,True,0.0
TP,41,180-10,22.63-60.36,deep convective cloud,0.0019305518546536065,-224.5163110649642,161.20142165534668,-63.314889409617535,-0.4334403807264527,0.3112077035495276,-0.12223267717692513,248,True,True,-2.7755575615628914e-17
TP,42,180-10,60.36-378.65,deep convective cloud,0.002298250395723949,-252.56778179600937,165.97236430362491,-86.59541749238443,-0.5804640044597986,0.38144605194004544,-0.1990179525197531,248,True,True,8.326672684688674e-17
WP,1,1000-800,0.02-1.27,low cloud,0.0055254678298170545,-8.22745067528649,-3.779493280298417,-12.006943955584909,-0.045460514027702105,-0.020883468533298633,-0.06634398256100074,248,True,True,0.0
WP,2,1000-800,1.27-3.55,low cloud,0.010066097497479325,-29.83880314874201,-1.0200366439741506,-30.858839792716164,-0.3003603017033301,-0.010267788309245407,-0.3106280900125756,248,True,True,-5.551115123125783e-17
WP,3,1000-800,3.55-9.38,low cloud,0.003532595526533665,-64.57048829005869,0.3836637667114935,-64.18682452334718,-0.22810141807955575,0.0013553289059780775,-0.2267460891735776,248,True,True,5.551115123125783e-17
WP,4,1000-800,9.38-22.63,low cloud,3.3005320654568666e-05,-97.71997457982944,3.2946120493347957,-94.42536253049464,-0.0032252790953635696,0.00010873972712070053,-0.0031165393682428687,248,True,True,4.336808689942018e-19
WP,5,1000-800,22.63-60.36,low cloud,-1.35092867464311e-05,-131.25485508836013,5.193187458284996,-126.06166763007514,0.001773159474249918,-7.01562585019417e-05,0.0017030032157479764,243,True,True,0.0
WP,6,1000-800,60.36-378.65,low cloud,-1.2453603628422915e-07,-170.6318932770828,9.6370160943697,-160.9948771827131,2.1249819652401503e-05,-1.2001557860001254e-06,2.0049663866401376e-05,49,True,True,0.0
WP,7,800-680,0.02-1.27,low cloud,0.0010608169598960767,-12.7318530149854,5.507544764800918,-7.224308250184481,-0.013506165609200512,0.005842496893887663,-0.0076636687153128465,248,True,True,2.6020852139652106e-18
WP,8,800-680,1.27-3.55,low cloud,0.003287122232712207,-36.0337006890128,10.701630195545068,-25.33207049346774,-0.11844717866175114,0.035177566542040475,-0.08326961211971069,248,True,True,-2.7755575615628914e-17
WP,9,800-680,3.55-9.38,low cloud,0.006494383927746896,-72.20866172754396,11.104715239639608,-61.10394648790433,-0.4689507721674739,0.0721182841745215,-0.3968324879929523,248,True,True,1.1102230246251565e-16
WP,10,800-680,9.38-22.63,low cloud,0.002450489938774855,-107.6237491761761,12.01425427586581,-95.60949490031028,-0.26373091452944813,0.029440809224891947,-0.23429010530455613,248,True,True,5.551115123125783e-17
WP,11,800-680,22.63-60.36,low cloud,0.00023801810076163612,-142.4200013716847,13.51428538523822,-128.90571598644647,-0.033898538236958,0.0032166445405451367,-0.030681893696412863,248,True,True,0.0
WP,12,800-680,60.36-378.65,low cloud,1.5883011276855432e-06,-184.96958023673977,18.664261682212672,-166.30531855452705,-0.00029378739287753535,2.9644467877276462e-05,-0.0002641429250002588,241,True,True,5.421010862427522e-20
WP,13,680-560,0.02-1.27,mid-level cloud,-0.0024655320514653037,-14.437504268218389,12.723245074714203,-1.7142591935041862,0.03559612951645956,-0.03136956853035593,0.0042265609861036335,248,True,True,6.938893903907228e-18
WP,14,680-560,1.27-3.55,mid-level cloud,-0.003830603207991206,-38.136962431405635,24.5195003666317,-13.617462064773934,0.14608757063278252,-0.09392447676276094,0.05216309387002158,248,True,True,6.938893903907228e-18
WP,15,680-560,3.55-9.38,mid-level cloud,-7.54880780176638e-05,-72.75346921859577,29.24030311517183,-43.51316610342393,0.005492019560429059,-0.002207294282818229,0.0032847252776108293,248,True,True,-4.336808689942018e-19
WP,16,680-560,9.38-22.63,mid-level cloud,0.001089931158683331,-113.49926395185769,27.984290204218222,-85.51497374763944,-0.12370638426875347,0.030500949847214156,-0.0932054344215393,248,True,True,1.3877787807814457e-17
WP,17,680-560,22.63-60.36,mid-level cloud,0.0002471708090002046,-153.83088008243058,27.91683241168296,-125.9140476707476,-0.03802250307918783,0.006900226051918811,-0.031122277027269017,248,True,True,0.0
WP,18,680-560,60.36-378.65,mid-level cloud,6.228294435569762e-06,-214.074620228438,29.679473504647262,-184.3951467237907,-0.0013333197659654904,0.00018485249967963474,-0.0011484672662858556,248,True,True,0.0
WP,19,560-440,0.02-1.27,mid-level cloud,-0.0028312082379340388,-10.713305542718198,17.53458814409592,6.821282601377728,0.03033159890804816,-0.0496440704023449,-0.019312471494296754,248,True,True,-1.3877787807814457e-17
WP,20,560-440,1.27-3.55,mid-level cloud,-0.0020323115325297132,-44.26453253504227,42.08244898999301,-2.182083545049273,0.0899593199530031,-0.08552464639945619,0.0044346735535469575,248,True,True,4.0766001685454967e-17
WP,21,560-440,3.55-9.38,mid-level cloud,-0.002756289592031334,-80.03877836081125,47.38424842825276,-32.65452993255849,0.2206100517548068,-0.1306047107690202,0.09000534098578662,248,True,True,1.3877787807814457e-17
WP,22,560-440,9.38-22.63,mid-level cloud,-0.00017049583709902172,-123.82021403078136,47.04059621208866,-76.77961781869273,0.0211108310409581,-0.008020225828817127,0.01309060521214098,248,True,True,5.204170427930421e-18
WP,23,560-440,22.63-60.36,mid-level cloud,6.890632247240119e-05,-163.71344890884606,46.478268086481435,-117.23518082236464,-0.011280891703581923,0.0032026465287258027,-0.008078245174856122,248,True,True,-1.734723475976807e-18
WP,24,560-440,60.36-378.65,mid-level cloud,4.343623596435261e-06,-223.25973541171987,47.56474834265623,-175.69498706906367,-0.0009697562548682396,0.0002066033632596666,-0.0007631528916085731,248,True,True,-1.0842021724855044e-19
WP,25,440-310,0.02-1.27,thin high cloud,-0.009181393121683513,-18.404075003715704,36.3698278095155,17.96575280579979,0.16897504765006285,-0.3339256868870994,-0.16495063923703648,248,True,True,5.551115123125783e-17
WP,26,440-310,1.27-3.55,thin high cloud,-0.004283180785767362,-53.29021591110847,63.45631783361943,10.166101922510975,0.22825162885985395,-0.27179488128050555,-0.04354325242065165,248,True,True,-4.85722573273506e-17
WP,27,440-310,3.55-9.38,thick anvil cloud,-0.003262272940047316,-103.67185090253916,72.64384180153137,-31.028009101007804,0.33820587384397344,-0.23698403937021384,0.10122183447375961,248,True,True,1.3877787807814457e-17
WP,28,440-310,9.38-22.63,thick anvil cloud,-0.0015315308784429726,-147.66072490484007,77.31876836888206,-70.34195653595798,0.22614695972503582,-0.11841608124012266,0.10773087848491311,248,True,True,-4.163336342344337e-17
WP,29,440-310,22.63-60.36,deep convective cloud,-0.00019255507924439107,-185.8020460745882,78.71590048693058,-107.08614558765764,0.035777127705662326,-0.015157146456054519,0.020619981249607816,248,True,True,6.938893903907228e-18
WP,30,440-310,60.36-378.65,deep convective cloud,-3.982222943678699e-06,-228.2680067125177,82.9015681354416,-145.3664385770761,0.0009090140936383913,-0.00033013252669589845,0.0005788815669424928,248,True,True,0.0
WP,31,310-180,0.02-1.27,thin high cloud,-0.012646428553193034,-15.330623279348456,29.14494457950712,13.814321300158674,0.19387763197819816,-0.3685794593115074,-0.17470182733330938,248,True,True,-1.6653345369377348e-16
WP,32,310-180,1.27-3.55,thin high cloud,-0.015456782922139742,-65.25210437447274,81.76457398760483,16.51246961313212,1.00858761252903,-1.2638172708476418,-0.25522965831861194,248,True,True,-1.6653345369377348e-16
WP,33,310-180,3.55-9.38,thick anvil cloud,-0.01744429391160883,-114.74267560377837,107.88985519736528,-6.85282040641308,2.001604957436698,-1.8820623441437574,0.11954261329294044,248,True,True,-2.7755575615628914e-17
WP,34,310-180,9.38-22.63,thick anvil cloud,-0.011617067826546125,-166.6969053139403,123.111477706795,-43.58542760714528,1.9365292555073816,-1.4301943867461586,0.5063348687612227,248,True,True,-3.3306690738754696e-16
WP,35,310-180,22.63-60.36,deep convective cloud,-0.004905132988064508,-207.31737596608448,132.44166280944657,-74.87571315663789,1.016919299850213,-0.6496439692407328,0.3672753306094802,248,True,True,-5.551115123125783e-17
WP,36,310-180,60.36-378.65,deep convective cloud,-0.00040834099941828737,-239.72210757891875,139.04472857256926,-100.67737900634948,0.09788836499143388,-0.05677766342916743,0.04111070156226645,248,True,True,-6.938893903907228e-18
WP,37,180-10,0.02-1.27,thin high cloud,-0.00260667663569758,1.3221623204988202,6.316618154502317,7.638780475001137,-0.0034464496294439703,-0.016465380959964356,-0.019911830589408326,248,True,True,0.0
WP,38,180-10,1.27-3.55,thin high cloud,-0.0011770893575660663,-66.56396341279923,102.46657075322072,35.90260734042149,0.07835173293062297,-0.12061230993990646,-0.04226057700928346,248,True,True,2.0816681711721685e-17
WP,39,180-10,3.55-9.38,thick anvil cloud,-0.0011128441822560713,-113.94343537271638,134.75680502789348,20.81336965517713,0.12680128916079808,-0.14996332649470695,-0.02316203733390892,248,True,True,-5.204170427930421e-17
WP,40,180-10,9.38-22.63,thick anvil cloud,-0.002250345913613545,-184.69205829292753,157.0710475762865,-27.621010716641024,0.4156210186563641,-0.35346419006029506,0.06215682859606906,248,True,True,3.469446951953614e-17
WP,41,180-10,22.63-60.36,deep convective cloud,-0.004163641560623812,-222.502859016702,160.1920831829085,-62.31077583379352,0.9264221511595612,-0.6669824152232647,0.2594397359362966,248,True,True,1.6653345369377348e-16
WP,42,180-10,60.36-378.65,deep convective cloud,-0.002682129530875408,-251.20429694195735,165.7764028332675,-85.42789410868988,0.6737624631108188,-0.4446337855614044,0.22912867754941443,248,True,True,8.326672684688674e-17
CP,1,1000-800,0.02-1.27,low cloud,-0.024901919863663607,-8.674671214905882,-1.7227616838952096,-10.397432898801092,0.21601596743721568,0.04290007339654869,0.2589160408337644,248,True,True,5.551115123125783e-17
CP,2,1000-800,1.27-3.55,low cloud,-0.025279645322921512,-30.774446308599867,1.0063793638136584,-29.76806694478621,0.7779670876906958,-0.025440913377516677,0.7525261743131791,248,True,True,0.0
CP,3,1000-800,3.55-9.38,low cloud,-0.007322792796036367,-68.07198573412929,3.415807349911393,-64.6561783842179,0.49847704674577226,-0.02501324945457922,0.4734637972911931,248,True,True,5.551115123125783e-17
CP,4,1000-800,9.38-22.63,low cloud,-0.00044751699758604807,-111.7592395170208,5.917525469285895,-105.84171404773488,0.050014159321157166,-0.0026481932311537937,0.04736596609000336,248,True,True,-1.3877787807814457e-17
CP,5,1000-800,22.63-60.36,low cloud,-8.704357252219269e-07,-144.25019753439952,7.07253573935267,-137.17766179504684,0.00012556052530426125,-6.156187775441439e-06,0.00011940433752881982,247,True,True,0.0
CP,6,1000-800,60.36-378.65,low cloud,-7.15711936854906e-11,-154.72158712258917,7.824934038680685,-146.89665308390846,1.1073608679277337e-08,-5.600398696586035e-10,1.0513568809618733e-08,17,False,False,0.0
CP,7,800-680,0.02-1.27,low cloud,0.00047969298471140474,-12.418337106772745,8.012341581575448,-4.405995525197294,-0.005956989191900209,0.0038434640477932242,-0.0021135251441069835,248,True,True,8.673617379884035e-19
CP,8,800-680,1.27-3.55,low cloud,0.001928126654602083,-36.82567682505819,13.526811453422903,-23.298865371635284,-0.07100456906015691,0.026081405715121443,-0.04492316334503546,248,True,True,6.938893903907228e-18
CP,9,800-680,3.55-9.38,low cloud,-0.0038036006635867974,-74.97251536531815,14.237335649093977,-60.735179716224174,0.28516550919429545,-0.054153139322601816,0.23101236987169366,248,True,True,2.7755575615628914e-17
CP,10,800-680,9.38-22.63,low cloud,-0.001886985416559169,-117.59666753612414,15.141186983683868,-102.45548055244028,0.2219031966766233,-0.02857119902760697,0.19333199764901635,248,True,True,0.0
CP,11,800-680,22.63-60.36,low cloud,-7.292297643190062e-05,-155.45196752793117,15.833133058124329,-139.6188344698068,0.011336020164331904,-0.001154599188840747,0.010181420975491155,248,True,True,-1.734723475976807e-18
CP,12,800-680,60.36-378.65,low cloud,4.456898144154088e-07,-196.4160899836908,16.411925405292962,-180.00416457839785,-8.754065069303139e-05,7.314627988084553e-06,-8.022602270494684e-05,243,True,True,0.0
CP,13,680-560,0.02-1.27,mid-level cloud,0.004076043234420908,-13.535943497715133,15.352668152609882,1.8167246548947509,-0.055173090915365444,0.06257813915375485,0.007405048238389408,248,True,True,5.204170427930421e-18
CP,14,680-560,1.27-3.55,mid-level cloud,0.005441776263940264,-38.26740292005323,28.955167694854293,-9.312235225198943,-0.20824264489298402,0.15756754428026803,-0.05067510061271603,248,True,True,-4.163336342344337e-17
CP,15,680-560,3.55-9.38,mid-level cloud,0.001574954679275856,-76.07503080591893,34.83104807677854,-41.24398272914038,-0.1198147257438369,0.05485732215260467,-0.06495740359123223,248,True,True,0.0
CP,16,680-560,9.38-22.63,mid-level cloud,-0.0007833048661168842,-123.68590740806708,33.40657816830928,-90.2793292397578,0.09688377314282133,-0.02616753523955073,0.0707162379032706,248,True,True,0.0
CP,17,680-560,22.63-60.36,mid-level cloud,-0.00018387482424700246,-164.26843706112476,31.015174336799177,-133.2532627243256,0.0302048299939441,-0.00570290973016909,0.024501920263775012,248,True,True,3.469446951953614e-18
CP,18,680-560,60.36-378.65,mid-level cloud,-2.1740861768140324e-06,-225.01663990462285,28.96673209842112,-196.04990780620176,0.0004892055663697813,-6.297617184265268e-05,0.0004262293945271287,248,True,True,1.0842021724855044e-19
CP,19,560-440,0.02-1.27,mid-level cloud,0.003022980173932644,-9.827015253107804,19.632891403642656,9.805876150534855,-0.02970687227907858,0.05934984147018439,0.029642969191105824,248,True,True,1.0408340855860843e-17
CP,20,560-440,1.27-3.55,mid-level cloud,0.002306909618554515,-46.3781616825205,48.392420842099575,2.0142591595790806,-0.10699022727628299,0.1116369411057775,0.004646713829494515,248,True,True,3.469446951953614e-18
CP,21,560-440,3.55-9.38,mid-level cloud,0.0031271178202274107,-85.80152794476118,52.94741296375481,-32.85411498100634,-0.26831148703880286,0.16557279861389748,-0.10273868842490527,248,True,True,1.1102230246251565e-16
CP,22,560-440,9.38-22.63,mid-level cloud,-7.630032511780037e-05,-133.57684442666604,52.98511845415246,-80.5917259725136,0.01019195665796446,-0.004042781764456997,0.006149174893507464,248,True,True,1.734723475976807e-18
CP,23,560-440,22.63-60.36,mid-level cloud,-0.00023594844414027408,-174.58652934387163,51.893362497369246,-122.69316684650236,0.04119341996653682,-0.012244158142461522,0.02894926182407529,248,True,True,-6.938893903907228e-18
CP,24,560-440,60.36-378.65,mid-level cloud,-6.481972794186646e-06,-230.9996207465567,52.37575101911494,-178.6238697274417,0.0014973332571466137,-0.0003394981931809965,0.0011578350639656167,248,True,True,-4.336808689942018e-19
CP,25,440-310,0.02-1.27,thin high cloud,0.017612793371334742,-18.97348837043524,38.90553493769186,19.932046567256616,-0.3341761302018986,0.6852351478588115,0.3510590176569127,248,True,True,-1.1102230246251565e-16
CP,26,440-310,1.27-3.55,thin high cloud,0.0066277728118796925,-56.20628342311171,67.45595171309475,11.249668289983054,-0.372522477128504,0.44708272276351874,0.0745602456350148,248,True,True,6.938893903907228e-17
CP,27,440-310,3.55-9.38,thick anvil cloud,0.0032935565062283626,-110.22343842349248,79.03367099800784,-31.189767425484657,-0.363027122758555,0.26030186132660055,-0.10272526143195444,248,True,True,-1.3877787807814457e-17
CP,28,440-310,9.38-22.63,thick anvil cloud,0.000687413641209068,-154.83879956739707,84.10116139317513,-70.73763817422194,-0.1064383030110655,0.05781228558319402,-0.048626017427871475,248,True,True,0.0
CP,29,440-310,22.63-60.36,deep convective cloud,-0.0005023781389139625,-192.20450380630103,85.41298329442093,-106.79152051188008,0.09655934091309114,-0.04290961558654056,0.05364972532655057,248,True,True,-1.3877787807814457e-17
CP,30,440-310,60.36-378.65,deep convective cloud,-6.21694222406552e-05,-231.1777535397599,89.0183826694926,-142.1593708702673,0.014372187372459454,-0.005534221419359908,0.008837965953099547,248,True,True,0.0
CP,31,310-180,0.02-1.27,thin high cloud,0.018877258408140904,-15.721593216893282,31.43468120600798,15.713087989114698,-0.29678057774296973,0.593400600103343,0.29662002236037327,248,True,True,5.551115123125783e-17
CP,32,310-180,1.27-3.55,thin high cloud,0.024921022080651195,-66.56366274223255,86.19856750715,19.634904764917454,-1.6588345089681966,2.148156404166188,0.48932189519799124,248,True,True,5.551115123125783e-17
CP,33,310-180,3.55-9.38,thick anvil cloud,0.02341053667334153,-117.7127562234046,112.92994220765158,-4.782814015753025,-2.7557187964881247,2.643750553570567,-0.11196824291755807,248,True,True,-3.7470027081099033e-16
CP,34,310-180,9.38-22.63,thick anvil cloud,0.013786597500836849,-171.14607119768692,127.90046412042672,-43.24560707726022,-2.359521997452076,1.763312218998548,-0.5962097784535281,248,True,True,0.0
CP,35,310-180,22.63-60.36,deep convective cloud,0.00518655610619384,-210.9983863003268,136.65744237618608,-74.3409439241407,-1.0943549688630068,0.7087814922130408,-0.38557347664996583,248,True,True,1.6653345369377348e-16
CP,36,310-180,60.36-378.65,deep convective cloud,0.0002046470048598782,-241.633175698677,143.73620401343257,-97.89697168524442,-0.04944950568151495,0.02941518364127738,-0.020034322040237574,248,True,True,0.0
CP,37,180-10,0.02-1.27,thin high cloud,0.0036933171180484684,0.1850109180856199,7.789173133574513,7.974184051660132,0.0006833039907914829,0.02876788646967398,0.02945119046046546,248,True,True,-3.469446951953614e-18
CP,38,180-10,1.27-3.55,thin high cloud,0.0021075709983477487,-67.26599239131161,108.73556788898634,41.46957549767473,-0.1417678547390087,0.22916792937170033,0.08740007463269167,248,True,True,2.7755575615628914e-17
CP,39,180-10,3.55-9.38,thick anvil cloud,0.0019213284996767357,-115.33888554079913,140.96719292680385,25.62830738600475,-0.22160388791049032,0.270844285289697,0.049240397379206706,248,True,True,2.0816681711721685e-17
CP,40,180-10,9.38-22.63,thick anvil cloud,0.003946861967675408,-189.3533920115756,161.10748653724306,-28.245905474332503,-0.7473517013808202,0.6358690113216224,-0.11148269005919756,248,True,True,1.942890293094024e-16
CP,41,180-10,22.63-60.36,deep convective cloud,0.007580835441322414,-226.7059785354234,163.5445283831188,-63.161450152304575,-1.7186207168410161,1.2398041570011065,-0.4788165598399095,248,True,True,1.6653345369377348e-16
CP,42,180-10,60.36-378.65,deep convective cloud,0.007151956102211266,-253.67938164734952,168.30495481264265,-85.37442683470685,-1.8143038015779418,1.203709648604671,-0.6105941529732709,248,True,True,-1.1102230246251565e-16
EP,1,1000-800,0.02-1.27,low cloud,-0.003123307047623293,-10.5038384941028,-0.0481413632061302,-10.55197985730893,0.03280671279572811,0.00015036025898389915,0.032957073054712016,248,True,True,6.938893903907228e-18
EP,2,1000-800,1.27-3.55,low cloud,-0.007256938092276025,-35.99006990805941,3.1790131960735324,-32.811056711985884,0.2611777092594734,-0.02306990195843417,0.23810780730103928,248,True,True,2.7755575615628914e-17
EP,3,1000-800,3.55-9.38,low cloud,-0.00427689964548357,-74.6748360716851,5.837532995650483,-68.83730307603462,0.31937677992153374,-0.024966542799596196,0.29441023712193753,248,True,True,0.0
EP,4,1000-800,9.38-22.63,low cloud,-0.000864988987851846,-121.05998008530176,6.693066100902853,-114.3669139843989,0.10471554964334981,-0.005789428472245461,0.09892612117110434,248,True,True,0.0
EP,5,1000-800,22.63-60.36,low cloud,-0.0005983829951696305,-159.96274053717437,3.357360096231288,-156.60538044094312,0.09571898379817687,-0.002008987190245877,0.09370999660793101,248,True,True,2.7755575615628914e-17
EP,6,1000-800,60.36-378.65,low cloud,-3.222675246357008e-06,-213.63903632794555,-0.6821116225678047,-214.32114795051336,0.0006884892340296358,2.1982242413016785e-06,0.0006906874582709374,213,True,True,0.0
EP,7,800-680,0.02-1.27,low cloud,0.001575231839370599,-11.646991036502111,8.788757616893308,-2.8582334196088004,-0.0183467111135621,0.013844330826641207,-0.0045023802869208875,248,True,True,4.336808689942018e-18
EP,8,800-680,1.27-3.55,low cloud,0.00176129543297485,-38.46213759236337,13.684529521614865,-24.77760807074851,-0.06774318728387989,0.02410249934882977,-0.04364068793505013,248,True,True,-1.3877787807814457e-17
EP,9,800-680,3.55-9.38,low cloud,-0.0020301648072575257,-77.67122609197315,14.258882365381178,-63.412343726591985,0.15768538974846638,-0.02894788116902181,0.12873750857944458,248,True,True,0.0
EP,10,800-680,9.38-22.63,low cloud,-0.0029214931649884403,-120.86602782326416,14.191454088119537,-106.67457373514462,0.3531092741649689,-0.041460236119688486,0.3116490380452804,248,True,True,-5.551115123125783e-17
EP,11,800-680,22.63-60.36,low cloud,-0.00040076258676996165,-158.75620100157377,12.753293930609118,-146.00290707096465,0.06362354577916268,-0.005111043065468562,0.05851250271369412,248,True,True,0.0
EP,12,800-680,60.36-378.65,low cloud,8.39911952516765e-07,-208.13458118215797,13.139666753111875,-194.99491442904608,-0.00017481472246696543,1.1036163158025817e-05,-0.0001637785593089396,248,True,True,0.0
EP,13,680-560,0.02-1.27,mid-level cloud,0.0025082863318201514,-11.533510488298136,15.074570974360295,3.5410604860621606,-0.028929346715702575,0.03781134033304071,0.008881993617338138,248,True,True,1.734723475976807e-18
EP,14,680-560,1.27-3.55,mid-level cloud,0.002311326327638615,-38.99658593773197,28.285928582552582,-10.710657355179384,-0.09013383576590168,0.06537801143455939,-0.024755824331342286,248,True,True,1.0408340855860843e-17
EP,15,680-560,3.55-9.38,mid-level cloud,0.00044447248718625966,-79.15372585422529,32.274948924385974,-46.878776929839304,-0.03518165340048686,0.01434532682223133,-0.020836326578255526,248,True,True,3.469446951953614e-18
EP,16,680-560,9.38-22.63,mid-level cloud,-0.0012973040541850566,-125.68973736737648,30.227844864982547,-95.46189250239392,0.1630578058561525,-0.039214705692618805,0.1238431001635337,248,True,True,0.0
EP,17,680-560,22.63-60.36,mid-level cloud,-0.0003414676888521221,-164.050667163648,27.61077753765393,-136.43988962599408,0.0560180021710196,-0.009428188393192774,0.046589813777826825,248,True,True,0.0
EP,18,680-560,60.36-378.65,mid-level cloud,2.8008535928454176e-06,-214.37547677911977,26.72942579025449,-187.64605098886523,-0.000600434324354747,7.486520825932925e-05,-0.0005255691160954176,248,True,True,1.0842021724855044e-19
EP,19,560-440,0.02-1.27,mid-level cloud,0.0013566587589008009,-8.274474185949012,19.677894836714543,11.403420650765533,-0.011225637879666302,0.02669618838695763,0.01547055050729133,248,True,True,3.469446951953614e-18
EP,20,560-440,1.27-3.55,mid-level cloud,0.0009278025067998015,-46.48005918584506,47.24614204443189,0.766082858586825,-0.04312431542883018,0.043835089025443405,0.0007107735966132141,248,True,True,-7.914675859144182e-18
EP,21,560-440,3.55-9.38,mid-level cloud,0.0020241152163493576,-88.79629277624238,50.82140216395996,-37.97489061228243,-0.17973392736380475,0.10286837343628152,-0.07686555392752324,248,True,True,-1.3877787807814457e-17
EP,22,560-440,9.38-22.63,mid-level cloud,0.0005111760501919369,-135.4181364635622,49.09074857340922,-86.32738789015295,-0.06922250812179644,0.025094014956720787,-0.044128493165075625,248,True,True,2.7755575615628914e-17
EP,23,560-440,22.63-60.36,mid-level cloud,-3.518868262171069e-05,-175.18433021585253,46.71572285401413,-128.46860736183837,0.006164505796262597,-0.0016438647449537002,0.004520641051308896,248,True,True,-8.673617379884035e-19
EP,24,560-440,60.36-378.65,mid-level cloud,4.653737980001006e-06,-226.90932123455815,58.04227068144655,-168.86705055311162,-0.0010559765262455121,0.0002701135195157467,-0.0007858630067297655,248,True,True,-1.0842021724855044e-19
EP,25,440-310,0.02-1.27,thin high cloud,0.0037304810900719958,-16.354943224980598,35.043205843629785,18.688262618649183,-0.061011806429991225,0.13072801673516138,0.06971621030517014,248,True,True,-1.3877787807814457e-17
EP,26,440-310,1.27-3.55,thin high cloud,0.0013946142883929308,-55.886166945971794,66.20752593335177,10.321358987379991,-0.07793964694636499,0.0923339616657979,0.014394314719432926,248,True,True,1.9081958235744878e-17
EP,27,440-310,3.55-9.38,thick anvil cloud,0.0008656944452846271,-112.6347558377878,79.94413875269065,-32.69061708509715,-0.09750728247476312,0.06920719685126779,-0.02830008562349533,248,True,True,-3.469446951953614e-18
EP,28,440-310,9.38-22.63,thick anvil cloud,0.0009339876198792814,-155.59861086588336,83.06832791784272,-72.53028294804064,-0.1453271762191489,0.07758478987933759,-0.0677423863398113,248,True,True,0.0
EP,29,440-310,22.63-60.36,deep convective cloud,0.0002778688679143681,-191.68080732775417,82.40664292060522,-109.27416440714892,-0.053262128933075165,0.02289824057697215,-0.030363888356103007,248,True,True,6.938893903907228e-18
EP,30,440-310,60.36-378.65,deep convective cloud,1.779640353322893e-05,-228.95597715672275,86.47004844914706,-142.4859287075757,-0.004074592960825783,0.0015388558757388775,-0.002535737085086906,248,True,True,-8.673617379884035e-19
EP,31,310-180,0.02-1.27,thin high cloud,0.006351993831578893,-13.40994661274655,27.75657828801875,14.3466316752722,-0.08517989816596835,0.17630961407123172,0.09112971590526336,248,True,True,0.0
EP,32,310-180,1.27-3.55,thin high cloud,0.005237885240391309,-64.52199586000825,81.10018747261829,16.578191612610038,-0.33795880979572634,0.42479347495579545,0.0868346651600691,248,True,True,0.0
EP,33,310-180,3.55-9.38,thick anvil cloud,0.0054413396614934675,-115.56647068661042,107.62211545644,-7.9443552301704035,-0.6288364204858754,0.5856084852869561,-0.04322793519891928,248,True,True,4.163336342344337e-17
EP,34,310-180,9.38-22.63,thick anvil cloud,0.004015787985214682,-170.00175455404678,122.79182810048634,-47.20992645356045,-0.6826910034035565,0.4931059479684797,-0.18958505543507684,248,True,True,-2.7755575615628914e-17
EP,35,310-180,22.63-60.36,deep convective cloud,0.00224694875805225,-209.97814449914057,131.06175848429382,-78.9163860148467,-0.47181013100045976,0.2944890554544279,-0.17732107554603171,248,True,True,1.6653345369377348e-16
EP,36,310-180,60.36-378.65,deep convective cloud,0.00015724116595061417,-240.42663871835023,139.34331057363772,-101.08332814471255,-0.037804964997660465,0.021910504622017338,-0.015894460375643134,248,True,True,-6.938893903907228e-18
EP,37,180-10,0.02-1.27,thin high cloud,0.0036052201995098038,-2.008426338137479,7.895277860446497,5.886851522309018,-0.007240819203480746,0.028464215223224256,0.02122339601974351,248,True,True,0.0
EP,38,180-10,1.27-3.55,thin high cloud,0.0003305308879375594,-65.7339325443588,104.50441816975318,38.77048562539437,-0.021727095091514548,0.034541938131046536,0.012814843039531985,248,True,True,-3.469446951953614e-18
EP,39,180-10,3.55-9.38,thick anvil cloud,0.0002167257332871352,-112.4602219723248,135.169526690075,22.709304717750214,-0.024373024072586087,0.029294714789981496,0.004921690717395414,248,True,True,4.336808689942018e-18
EP,40,180-10,9.38-22.63,thick anvil cloud,0.000528978493285966,-187.92873940596436,157.64650240505733,-30.28223700090704,-0.09941026141609799,0.08339160931402965,-0.016018652102068338,248,True,True,-3.469446951953614e-18
EP,41,180-10,22.63-60.36,deep convective cloud,0.0013703822636605067,-225.8162284072515,158.9745071269109,-66.8417212803406,-0.3094545542560073,0.21785584494088953,-0.09159870931511781,248,True,True,-1.3877787807814457e-17
EP,42,180-10,60.36-378.65,deep convective cloud,0.0016744908359395574,-253.19754326410177,162.40002670300814,-90.7975165610936,-0.42397696587814804,0.2719373564705265,-0.15203960940762143,248,True,True,8.326672684688674e-17
