region,cloud_type,ctp_bin,tau_bin,physical_group,CF0,Q0_SW,Q0_LW,Q0_Net,CRE0_SW_ratio,CRE0_LW_ratio,CRE0_Net_ratio,CRE0_SW_monthlymean,CRE0_LW_monthlymean,CRE0_Net_monthlymean,difference_ratio_minus_monthlymean_Net,valid_n_kernel,display_valid_n_ge_24,sensitivity_valid_n_ge_48
WP,1,1000-800,0.02-1.27,low cloud,0.02156300139952565,-0.17740853042573085,-0.08149721889257255,-0.2589057493183034,-8.22745067528649,-3.779493280298417,-12.006943955584907,-8.187827510818687,-3.846315881885016,-12.034143392703703,0.0271994371187958,248,True,True
WP,2,1000-800,1.27-3.55,low cloud,0.03414604506986544,-1.0188771171477873,-0.03483021721805563,-1.0537073343658432,-29.838803148742006,-1.0200366439741506,-30.858839792716164,-29.884173367076837,-1.1816457468633699,-31.06581911394021,0.20697932122404694,248,True,True
WP,3,1000-800,3.55-9.38,low cloud,0.011448993505778231,-0.7392671010978112,0.004392563973482304,-0.7348745371243288,-64.57048829005869,0.38366376671149355,-64.18682452334718,-65.08033027438745,-0.21003174784626555,-65.29036202223371,1.1035374988865243,248,True,True
WP,4,1000-800,9.38-22.63,low cloud,0.001125512231878009,-0.10998502668840612,0.0037081261608189866,-0.10627690052758713,-97.71997457982943,3.2946120493347957,-94.42536253049464,-103.08976925011329,2.5188019873433336,-100.57096726276995,6.1456047322753165,248,True,True
WP,5,1000-800,22.63-60.36,low cloud,5.978563903386322e-05,-0.007847155387754724,0.00031047803081621237,-0.007536677356938511,-131.25485508836013,5.193187458284996,-126.06166763007514,-142.38458221858886,4.539614097281954,-137.84496812130692,11.783300491231785,243,True,True
WP,6,1000-800,60.36-378.65,low cloud,2.1629782985168206e-07,-3.690730821931683e-05,2.0844656674578986e-06,-3.482284255185893e-05,-170.6318932770828,9.637016094369699,-160.9948771827131,-196.97805556226663,6.781580907741548,-190.19647465452505,29.201597471811937,49,True,True
WP,7,800-680,0.02-1.27,low cloud,0.013236549068465941,-0.16852579716535027,0.07290088652606007,-0.09562491063929021,-12.731853014985399,5.507544764800918,-7.224308250184481,-12.742300541444937,5.515835765722824,-7.226464775722115,0.002156525537634124,248,True,True
WP,8,800-680,1.27-3.55,low cloud,0.033976280533058616,-1.2242911232541667,0.36360158968489015,-0.8606895335692765,-36.033700689012804,10.701630195545068,-25.33207049346774,-36.0250987123768,10.709581810068585,-25.315516902308225,-0.01655359115951427,248,True,True
WP,9,800-680,3.55-9.38,low cloud,0.021890303657732094,-1.580669531934395,0.24308558862835625,-1.3375839433060384,-72.20866172754396,11.104715239639608,-61.10394648790433,-72.32172898672782,11.057075319073473,-61.26465366765433,0.16070717974999837,248,True,True
WP,10,800-680,9.38-22.63,low cloud,0.005613082862045174,-0.6041010220498425,0.06743700477611533,-0.5366640172737271,-107.6237491761761,12.01425427586581,-95.60949490031028,-109.63371694434899,11.709415578707903,-97.92430136564109,2.314806465330804,248,True,True
WP,11,800-680,22.63-60.36,low cloud,0.0004709432469560294,-0.06707173787746334,0.006364461439614502,-0.06070727643784884,-142.4200013716847,13.514285385238221,-128.90571598644647,-147.02559049311287,13.589949107306445,-133.4356413858064,4.529925399359939,248,True,True
WP,12,800-680,60.36-378.65,low cloud,3.141663255709167e-06,-0.0005811121336537138,5.863682512194812e-05,-0.0005224753085317656,-184.96958023673974,18.664261682212672,-166.30531855452705,-206.64668547749187,15.613753934079307,-191.03293154341256,24.72761298888551,241,True,True
WP,13,680-560,0.02-1.27,mid-level cloud,0.02025169586161898,-0.2923839454407847,0.2576672896259537,-0.03471665581483102,-14.437504268218389,12.723245074714203,-1.7142591935041862,-14.393787308286893,12.754992308588617,-1.6387949996982756,-0.07546419380591063,248,True,True
WP,14,680-560,1.27-3.55,mid-level cloud,0.028104782200225078,-1.0718310229128216,0.6891152174625229,-0.3827158054502987,-38.136962431405635,24.5195003666317,-13.617462064773934,-38.17248633144358,24.569622048749014,-13.602864282694561,-0.014597782079372124,248,True,True
WP,15,680-560,3.55-9.38,mid-level cloud,0.01882615519757866,-1.3696681026715456,0.5504824844704677,-0.8191856182010778,-72.75346921859577,29.240303115171834,-43.51316610342393,-72.77136049874827,29.293909358748458,-43.477451139999786,-0.03571496342414093,248,True,True
WP,16,680-560,9.38-22.63,mid-level cloud,0.005394867907094514,-0.6123135365727264,0.1509715491255563,-0.46134198744717,-113.49926395185769,27.984290204218226,-85.51497374763944,-114.23778046306435,27.953507311601037,-86.28427315146332,0.7692994038238794,248,True,True
WP,17,680-560,22.63-60.36,mid-level cloud,0.000689940563014506,-0.10613416401308912,0.01926095507169815,-0.08687320894139094,-153.83088008243058,27.91683241168296,-125.91404767074759,-156.02962238906747,27.770249911683802,-128.25937247738366,2.3453248066360715,248,True,True
WP,18,680-560,60.36-378.65,mid-level cloud,1.358500722599569e-05,-0.0029082052627056134,0.00040319586202438077,-0.0025050094006812324,-214.074620228438,29.679473504647266,-184.3951467237907,-218.5081872047783,28.923619287479053,-189.58456791729927,5.189421193508565,248,True,True
WP,19,560-440,0.02-1.27,mid-level cloud,0.012942010567452087,-0.13865171354620193,0.2269328250568095,0.08828111151060762,-10.713305542718198,17.53458814409592,6.821282601377728,-10.612481989659408,17.43335034619469,6.820868356535284,0.00041424484244423354,248,True,True
WP,20,560-440,1.27-3.55,mid-level cloud,0.010166581701389853,-0.4500189864913366,0.4278346558513348,-0.02218433064000184,-44.26453253504227,42.082448989993004,-2.182083545049273,-44.42270165421238,42.22631999862839,-2.1963816555839824,0.01429811053470953,248,True,True
WP,21,560-440,3.55-9.38,mid-level cloud,0.016193691843450424,-1.2961233123012055,0.7673259172806253,-0.5287973950205801,-80.03877836081125,47.38424842825276,-32.65452993255849,-80.24425648646412,47.637533561221424,-32.60672292524269,-0.04780700731579657,248,True,True
WP,22,560-440,9.38-22.63,mid-level cloud,0.0058029115644322015,-0.7185177519096916,0.2729724197569149,-0.44554533215277675,-123.82021403078137,47.04059621208866,-76.77961781869273,-124.57662558851838,47.26004852259104,-77.31657706592736,0.5369592472346341,248,True,True
WP,23,560-440,22.63-60.36,mid-level cloud,0.0008435030981338744,-0.1380928013607934,0.039204563126843874,-0.09888823823394954,-163.71344890884606,46.478268086481435,-117.23518082236463,-165.85865500226382,46.33652932765086,-119.52212567461298,2.2869448522483538,248,True,True
WP,24,560-440,60.36-378.65,mid-level cloud,2.3582594351109153e-05,-0.005265043775150549,0.0011217001655774532,-0.004143343609573097,-223.25973541171987,47.56474834265623,-175.69498706906367,-225.52358732814685,46.45805560985682,-179.06553171829,3.370544649226332,248,True,True
WP,25,440-310,0.02-1.27,thin high cloud,0.054466077526293656,-1.0023977759521028,1.980921861091022,0.9785240851389193,-18.404075003715704,36.3698278095155,17.96575280579979,-18.29678153238415,36.18387453194024,17.887092999556092,0.07865980624369939,248,True,True
WP,26,440-310,1.27-3.55,thin high cloud,0.024730345011639156,-1.317885425226455,1.569296633193639,0.2514112079671846,-53.29021591110847,63.45631783361943,10.166101922510977,-53.56013366574586,63.33102220869431,9.77088854294845,0.3952133795625272,248,True,True
WP,27,440-310,3.55-9.38,thick anvil cloud,0.017415284775653767,-1.8054748066868376,1.2651131921712098,-0.5403616145156277,-103.67185090253916,72.64384180153137,-31.028009101007804,-103.9364172096454,72.88912349545583,-31.04729371418956,0.019284613181756782,248,True,True
WP,28,440-310,9.38-22.63,thick anvil cloud,0.009961410129626433,-1.470909040815056,0.7702039624400216,-0.700705078375034,-147.66072490484007,77.31876836888206,-70.34195653595798,-147.90995944319528,77.70281271885031,-70.20714672434497,-0.1348098116130103,248,True,True
WP,29,440-310,22.63-60.36,deep convective cloud,0.0018506732953597642,-0.34385888489344485,0.14567741495135908,-0.19818146994208583,-185.8020460745882,78.71590048693058,-107.08614558765764,-186.51518492442003,79.21024055012664,-107.30494437429341,0.218798786635773,248,True,True
WP,30,440-310,60.36-378.65,deep convective cloud,9.534274702991289e-05,-0.02176369881901403,0.007904063239120495,-0.013859635579893536,-228.2680067125177,82.9015681354416,-145.3664385770761,-229.21388069665744,83.52257838495161,-145.6913023117058,0.32486373462970164,248,True,True
WP,31,310-180,0.02-1.27,thin high cloud,0.0711193568016528,-1.0903040669957071,2.0727697125143636,0.9824656455186569,-15.330623279348455,29.144944579507122,13.814321300158674,-15.29883878226748,29.156373709516693,13.857534927249214,-0.04321362709053922,248,True,True
WP,32,310-180,1.27-3.55,thin high cloud,0.07647447277199089,-4.990120279300723,6.252902687128521,1.2627824078277992,-65.25210437447274,81.76457398760483,16.51246961313212,-65.26713026411099,81.73230331648807,16.46517305237709,0.047296560755029304,248,True,True
WP,33,310-180,3.55-9.38,thick anvil cloud,0.0757565285552149,-8.692506780879397,8.173360896077204,-0.5191458848021919,-114.74267560377837,107.88985519736528,-6.85282040641308,-114.64796262489298,107.88287531955046,-6.765087305342514,-0.0877331010705662,248,True,True
WP,34,310-180,9.38-22.63,thick anvil cloud,0.047782898714041774,-7.965261342560222,5.882623269799798,-2.0826380727604232,-166.6969053139403,123.11147770679501,-43.585427607145284,-166.5372218035071,123.25529747722824,-43.28192432627887,-0.30350328086641554,248,True,True
WP,35,310-180,22.63-60.36,deep convective cloud,0.022640662485389252,-4.693802736604669,2.99856698667241,-1.695235749932258,-207.31737596608448,132.44166280944657,-74.87571315663789,-207.2339803843003,132.6643144669817,-74.56966591731855,-0.30604723931934075,248,True,True
WP,36,310-180,60.36-378.65,deep convective cloud,0.0037162879034469787,-0.890876368584351,0.5167302428323076,-0.37414612575204337,-239.72210757891875,139.04472857256926,-100.67737900634948,-239.6301944636622,139.3374596957841,-100.29273476787809,-0.3846442384713953,248,True,True
WP,37,180-10,0.02-1.27,thin high cloud,0.014624250608444203,0.01933563312001687,0.0923758068892902,0.11171144000930708,1.3221623204988202,6.316618154502317,7.638780475001137,0.9833088702665003,6.79319396254693,7.77650283281343,-0.1377223578122928,248,True,True
WP,38,180-10,1.27-3.55,thin high cloud,0.004161026319306121,-0.27697440367798726,0.42636609775319423,0.14939169407520694,-66.56396341279923,102.46657075322072,35.90260734042149,-65.95804880997967,102.49497709793799,36.536928287958325,-0.6343209475368354,248,True,True
WP,39,180-10,3.55-9.38,thick anvil cloud,0.00292881586901567,-0.3337193416897732,0.39467786902354507,0.06095852733377199,-113.94343537271638,134.75680502789348,20.81336965517713,-113.8211105610646,134.90780594737492,21.086695386310332,-0.2733257311332018,248,True,True
WP,40,180-10,9.38-22.63,thick anvil cloud,0.0073429699502160235,-1.356188234088513,1.1533679824016232,-0.2028202516868898,-184.69205829292753,157.0710475762865,-27.621010716641024,-184.17134620202182,157.17766989664224,-26.993676305379598,-0.6273344112614261,248,True,True
WP,41,180-10,22.63-60.36,deep convective cloud,0.013992488033090394,-3.113368592119602,2.241485806932668,-0.871882785186934,-222.50285901670202,160.1920831829085,-62.31077583379352,-222.19642479833772,160.29386543033937,-61.90255936799836,-0.4082164657951637,248,True,True
WP,42,180-10,60.36-378.65,deep convective cloud,0.012334356195269727,-3.098443276264408,2.0447452013160428,-1.0536980749483653,-251.20429694195735,165.7764028332675,-85.42789410868988,-250.85698500441237,165.7290402405428,-85.1279447638696,-0.299949344820277,248,True,True
CP,1,1000-800,0.02-1.27,low cloud,0.052024480378207755,-0.4512952624072747,-0.08962578142013448,-0.5409210438274092,-8.674671214905882,-1.7227616838952096,-10.397432898801092,-8.604502912431682,-1.9854436868707157,-10.589946599302397,0.1925137005013049,248,True,True
CP,2,1000-800,1.27-3.55,low cloud,0.06453573382617252,-1.9860514756196384,0.06494743075123109,-1.9211040448684074,-30.774446308599867,1.0063793638136584,-29.76806694478621,-30.737002100755394,0.9360501502078916,-29.800951950547503,0.03288500576129394,248,True,True
CP,3,1000-800,3.55-9.38,low cloud,0.01681894969082042,-1.1448993034165658,0.057450291971694344,-1.0874490114448716,-68.07198573412929,3.415807349911393,-64.6561783842179,-67.87710931693498,3.3335578006973594,-64.54355151623764,-0.11262686798025356,248,True,True
CP,4,1000-800,9.38-22.63,low cloud,0.0008290791054465041,-0.0926572503241532,0.004906096722532454,-0.08775115360162072,-111.7592395170208,5.917525469285895,-105.84171404773488,-112.1474958170206,5.685876594369184,-106.4616192226514,0.6199051749165108,248,True,True
CP,5,1000-800,22.63-60.36,low cloud,9.631418898059362e-06,-0.0013893340785816116,6.811855437720155e-05,-0.0013212155242044098,-144.25019753439952,7.07253573935267,-137.17766179504684,-150.31686739546694,6.524396202407818,-143.79247119305913,6.614809398012284,247,True,True
CP,6,1000-800,60.36-378.65,low cloud,1.8373025471454895e-08,-2.8427036611872586e-06,1.4376771240513465e-07,-2.6989359487821236e-06,-154.72158712258917,7.824934038680685,-146.89665308390846,-207.76666179952613,5.160107516026623,-202.60655428349952,55.70990119959106,17,False,False
CP,7,800-680,0.02-1.27,low cloud,0.01548689276451614,-0.1923214550862011,0.1240862748665326,-0.06823518021966847,-12.418337106772745,8.012341581575448,-4.405995525197294,-12.413959480324662,8.03681194288646,-4.377147537438201,-0.02884798775909303,248,True,True
CP,8,800-680,1.27-3.55,low cloud,0.037711069717740325,-1.3887356661527435,0.5101105297787595,-0.8786251363739841,-36.82567682505819,13.526811453422905,-23.298865371635284,-36.870936383080874,13.572335988921905,-23.29860039415897,-0.0002649774763128221,248,True,True
CP,9,800-680,3.55-9.38,low cloud,0.024106000707965577,-1.8072875084743194,0.34320522323660296,-1.4640822852377164,-74.97251536531815,14.237335649093977,-60.735179716224174,-74.98918289707848,14.191708439126682,-60.7974744579518,0.0622947417276265,248,True,True
CP,10,800-680,9.38-22.63,low cloud,0.00517403783501308,-0.6084496071033607,0.0783410743205879,-0.5301085327827728,-117.59666753612414,15.141186983683868,-102.45548055244028,-117.7154027645197,14.995705420892001,-102.71969734362769,0.26421679118740826,248,True,True
CP,11,800-680,22.63-60.36,low cloud,0.0001989649134005661,-0.030929487257142434,0.003150237947769347,-0.027779249309373085,-155.45196752793115,15.833133058124327,-139.6188344698068,-156.68157102100406,15.637307394402537,-141.04426362660155,1.4254291567947348,248,True,True
CP,12,800-680,60.36-378.65,low cloud,6.200120604450498e-07,-0.00012178034465534843,1.0175591686406147e-05,-0.0001116047529689423,-196.4160899836908,16.411925405292962,-180.00416457839785,-210.17758084423372,15.259882813305634,-194.9176980309281,14.91353345253026,243,True,True
CP,13,680-560,0.02-1.27,mid-level cloud,0.017938956337333403,-0.2428206993901237,0.27541084365123775,0.03259014426111403,-13.535943497715131,15.352668152609882,1.8167246548947507,-13.475616195341681,15.477245358044325,2.0016291627026432,-0.18490450780789258,248,True,True
CP,14,680-560,1.27-3.55,mid-level cloud,0.022325880579404118,-0.854353467677049,0.646449616111937,-0.20790385156511207,-38.267402920053236,28.955167694854293,-9.312235225198945,-38.386663017576836,29.151902414896327,-9.23476060268051,-0.07747462251843551,248,True,True
CP,15,680-560,3.55-9.38,mid-level cloud,0.014598554783598254,-1.1105855048841322,0.5084829635189961,-0.602102541365136,-76.07503080591893,34.83104807677854,-41.24398272914038,-76.1182716159248,34.93372285414543,-41.18454876177936,-0.05943396736101647,248,True,True
CP,16,680-560,9.38-22.63,mid-level cloud,0.004239656451586044,-0.5243857553128857,0.14163241465668594,-0.3827533406561997,-123.68590740806707,33.40657816830928,-90.27932923975779,-123.5510333520482,33.40224535145086,-90.1487880005973,-0.130541239160479,248,True,True
CP,17,680-560,22.63-60.36,mid-level cloud,0.000466592251207715,-0.07664637985072305,0.014471440015406878,-0.062174939835316176,-164.26843706112476,31.015174336799177,-133.2532627243256,-164.1222839938091,30.962422383532825,-133.15986161027627,-0.09340111404932827,248,True,True
CP,18,680-560,60.36-378.65,mid-level cloud,5.236750206830058e-06,-0.0011783559355607383,0.00015169154030759768,-0.0010266643952531408,-225.01663990462285,28.96673209842112,-196.04990780620176,-225.85822247080256,29.32117283835132,-196.53704963245124,0.4871418262494842,248,True,True
CP,19,560-440,0.02-1.27,mid-level cloud,0.009101892821651851,-0.08944443959052517,0.17869647333508543,0.08925203374456028,-9.827015253107804,19.632891403642656,9.805876150534855,-9.674138382996416,19.5935832240085,9.919444841012085,-0.11356869047722995,248,True,True
CP,20,560-440,1.27-3.55,mid-level cloud,0.006616108091897893,-0.3068429307950727,0.32016948711994325,0.013326556324870604,-46.3781616825205,48.392420842099575,2.0142591595790806,-46.668185118694836,48.53881334388981,1.8706282251949624,0.14363093438411823,248,True,True
CP,21,560-440,3.55-9.38,mid-level cloud,0.011046153188504462,-0.9477768214855783,0.5848652345326426,-0.3629115869529354,-85.80152794476118,52.94741296375481,-32.85411498100634,-86.04951789660338,53.2487919881383,-32.80072590846507,-0.05338907254127179,248,True,True
CP,22,560-440,9.38-22.63,mid-level cloud,0.004727395043733587,-0.6314705123001935,0.25048158637179735,-0.38098892592839617,-133.57684442666604,52.98511845415246,-80.5917259725136,-133.1046135306105,53.07212664427026,-80.03248688634024,-0.5592390861733634,248,True,True
CP,23,560-440,22.63-60.36,mid-level cloud,0.0007703988398201668,-0.1345012596547482,0.03997858626234062,-0.09452267339240757,-174.58652934387163,51.893362497369246,-122.69316684650235,-173.85150075252557,51.58203754361582,-122.26946320890971,-0.42370363759263796,248,True,True
CP,24,560-440,60.36-378.65,mid-level cloud,1.559157512896402e-05,-0.003601647941632134,0.0008166204569504443,-0.002785027484681689,-230.9996207465567,52.37575101911494,-178.6238697274417,-231.85837906914622,51.27972680055738,-180.57865226858883,1.9547825411471251,248,True,True
CP,25,440-310,0.02-1.27,thin high cloud,0.03609537369274577,-0.684855152985826,1.4043098222921642,0.7194546693063382,-18.97348837043524,38.90553493769186,19.932046567256616,-18.97247112959485,38.88017415224618,19.907703022651337,0.024343544605279988,248,True,True
CP,26,440-310,1.27-3.55,thin high cloud,0.015853764601358334,-0.8910811865072421,1.0694307794199986,0.17834959291275668,-56.20628342311171,67.45595171309475,11.249668289983054,-56.58395539922619,67.52949456938606,10.94553917015987,0.3041291198231839,248,True,True
CP,27,440-310,3.55-9.38,thick anvil cloud,0.012725019659216184,-1.4025954208453464,1.0057050171896738,-0.39689040365567274,-110.22343842349248,79.03367099800784,-31.189767425484654,-110.41365965563584,79.30917079517207,-31.10448886046378,-0.08527856502087516,248,True,True
CP,28,440-310,9.38-22.63,thick anvil cloud,0.008640705904283912,-1.3379165296342412,0.7266934018071426,-0.6112231278270985,-154.83879956739707,84.10116139317513,-70.73763817422194,-154.4759096253199,84.42976480058141,-70.04614482473846,-0.6914933494834798,248,True,True
CP,29,440-310,22.63-60.36,deep convective cloud,0.00207852567013926,-0.3995019950777758,0.17753307834062967,-0.22196891673714608,-192.20450380630103,85.41298329442093,-106.79152051188008,-191.49985985325162,85.70638274845976,-105.79347710479188,-0.998043407088204,248,True,True
CP,30,440-310,60.36-378.65,deep convective cloud,0.00012070225407089866,-0.02790367594329569,0.010744719441953578,-0.017158956501342117,-231.1777535397599,89.0183826694926,-142.1593708702673,-231.60570972611535,89.32178549149118,-142.2839242346242,0.12455336435689901,248,True,True
CP,31,310-180,0.02-1.27,thin high cloud,0.05444744438071435,-0.856000572253013,1.7115380565896061,0.8555374843365932,-15.721593216893282,31.43468120600798,15.713087989114698,-15.770615390787462,31.463028440210515,15.69241304942305,0.0206749396916468,248,True,True
CP,32,310-180,1.27-3.55,thin high cloud,0.05068633057991215,-3.3738678143625807,4.369089088182279,0.9952212738196985,-66.56366274223255,86.19856750715,19.634904764917458,-66.74629778674459,86.16816195819575,19.42186417145115,0.21304059346630666,248,True,True
CP,33,310-180,3.55-9.38,thick anvil cloud,0.04722584507994363,-5.559084389339676,5.333211955585541,-0.2258724337541354,-117.71275622340461,112.92994220765158,-4.782814015753025,-117.76540753315183,112.89779785800168,-4.867609675150146,0.08479565939712153,248,True,True
CP,34,310-180,9.38-22.63,thick anvil cloud,0.03234239792027853,-5.535274337167911,4.136607704771148,-1.3986666323967634,-171.14607119768692,127.90046412042672,-43.24560707726022,-170.9400864007125,127.98241810899684,-42.9576682917157,-0.2879387855445188,248,True,True
CP,35,310-180,22.63-60.36,deep convective cloud,0.018132315001297385,-3.825889205162956,2.477915792436652,-1.347973412726304,-210.99838630032679,136.65744237618608,-74.3409439241407,-210.67823302682177,136.80731800259193,-73.87091502422986,-0.47002889991084373,248,True,True
CP,36,310-180,60.36-378.65,deep convective cloud,0.003572953574837538,-0.863344118911935,0.5135627839633716,-0.3497813349485633,-241.633175698677,143.73620401343257,-97.89697168524442,-241.19847964661517,143.97155483507441,-97.22692481154077,-0.6700468737036545,248,True,True
CP,37,180-10,0.02-1.27,thin high cloud,0.017357647445695366,0.0032113542897346165,0.13520172114606863,0.13841307543580322,0.18501091808561998,7.789173133574513,7.974184051660132,-0.06114931975353258,8.310236481078839,8.249087161325305,-0.2749031096651722,248,True,True
CP,38,180-10,1.27-3.55,thin high cloud,0.0029060678088708527,-0.19547953512014238,0.3159929335214744,0.120513398401332,-67.26599239131161,108.73556788898634,41.46957549767473,-67.0494750936323,109.40849435022295,42.35901925659065,-0.8894437589159168,248,True,True
CP,39,180-10,3.55-9.38,thick anvil cloud,0.0014829302994633455,-0.17103952807478576,0.20904452162145243,0.03800499354666669,-115.33888554079911,140.96719292680385,25.62830738600475,-114.29914548053172,141.274608985333,26.9754635048013,-1.3471561187965513,248,True,True
CP,40,180-10,9.38-22.63,thick anvil cloud,0.00337939090826114,-0.639899131412326,0.5444451752567632,-0.09545395615556282,-189.35339201157558,161.10748653724306,-28.245905474332503,-188.43739186874865,161.5356300159998,-26.901761852748862,-1.3441436215836404,248,True,True
CP,41,180-10,22.63-60.36,deep convective cloud,0.008166548160887754,-1.8514052920707207,1.335594267490414,-0.5158110245803065,-226.7059785354234,163.5445283831188,-63.161450152304575,-225.69256934751573,163.66377055422504,-62.028798793290676,-1.1326513590138987,248,True,True
CP,42,180-10,60.36-378.65,deep convective cloud,0.009044270013643671,-2.294344824512792,1.522195455959637,-0.7721493685531547,-253.67938164734952,168.30495481264265,-85.37442683470685,-252.78475685668928,168.11350459501443,-84.67125226167484,-0.7031745730320154,248,True,True
EP,1,1000-800,0.02-1.27,low cloud,0.05461882361694195,-0.573707302010246,-0.002629424625634767,-0.5763367266358808,-10.5038384941028,-0.048141363206130244,-10.55197985730893,-10.543752395725853,-0.0043469693749931615,-10.548099365100846,-0.0038804922080846183,248,True,True
EP,2,1000-800,1.27-3.55,low cloud,0.11367342741120881,-4.091114599218122,0.3613693257831396,-3.729745273434983,-35.99006990805941,3.1790131960735324,-32.811056711985884,-35.863518039192265,3.147845766633231,-32.71567227255903,-0.09538443942685149,248,True,True
EP,3,1000-800,3.55-9.38,low cloud,0.09472201289591214,-7.0733507853822815,0.5529428756943178,-6.520407909687964,-74.6748360716851,5.837532995650483,-68.83730307603462,-74.1082245269039,5.715945229897212,-68.39227929700667,-0.44502377902794876,248,True,True
EP,4,1000-800,9.38-22.63,low cloud,0.028281344928744866,-3.423739053859403,0.1892889110305231,-3.23445014282888,-121.05998008530175,6.693066100902853,-114.3669139843989,-121.12166314939684,7.099376429133599,-114.02228672026327,-0.3446272641356387,248,True,True
EP,5,1000-800,22.63-60.36,low cloud,0.0020663925316433316,-0.33054581238721714,0.006937623828889671,-0.3236081885583275,-159.96274053717437,3.357360096231288,-156.60538044094312,-161.60354129709813,5.11623870694167,-156.48730259015647,-0.11807785078664779,248,True,True
EP,6,1000-800,60.36-378.65,low cloud,4.625152435288167e-06,-0.0009881131091448146,-3.154870232257845e-06,-0.0009912679793770724,-213.63903632794555,-0.6821116225678047,-214.32114795051336,-210.00558853861727,1.7197061975580152,-208.2858823410593,-6.035265609454058,213,True,True
EP,7,800-680,0.02-1.27,low cloud,0.008982575029953225,-0.1046199708585729,0.07894567471381704,-0.02567429614475583,-11.646991036502111,8.788757616893308,-2.8582334196088004,-11.716542445024704,8.87902009559717,-2.8375223494275335,-0.020711070181266944,248,True,True
EP,8,800-680,1.27-3.55,low cloud,0.031272857199580964,-1.2028209365166145,0.4279543375729116,-0.7748665989437029,-38.46213759236337,13.684529521614863,-24.77760807074851,-38.50769947985617,13.687464612050954,-24.820234867805222,0.04262679705671246,248,True,True
EP,9,800-680,3.55-9.38,low cloud,0.03800797074475647,-2.952125689013081,0.5419511837963317,-2.4101745052167494,-77.67122609197315,14.258882365381178,-63.412343726591985,-77.57162322206653,14.309222386474172,-63.26240083559236,-0.14994289099962543,248,True,True
EP,10,800-680,9.38-22.63,low cloud,0.014466110406297184,-1.7484613028619267,0.20529514166463475,-1.5431661611972918,-120.86602782326416,14.191454088119537,-106.67457373514462,-120.87617809089454,14.39236416056999,-106.48381393032456,-0.19075980482006116,248,True,True
EP,11,800-680,22.63-60.36,low cloud,0.0013174988585966016,-0.20916111361470613,0.01680245019692448,-0.19235866341778163,-158.75620100157377,12.753293930609118,-146.00290707096465,-159.67962285163384,13.2226305864761,-146.45699226515774,0.4540851941930839,248,True,True
EP,12,800-680,60.36-378.65,low cloud,6.552275263895075e-06,-0.001363755067841015,8.609471344223946e-05,-0.0012776603543987754,-208.13458118215797,13.139666753111875,-194.99491442904608,-214.42304477865406,14.324912134030777,-200.09813264462332,5.103218215577243,248,True,True
EP,13,680-560,0.02-1.27,mid-level cloud,0.007578164198583127,-0.08740283626640392,0.11423757406689757,0.02683473780049363,-11.533510488298136,15.074570974360297,3.5410604860621606,-11.575755575545958,15.22169795845616,3.645942382910198,-0.10488189684803739,248,True,True
EP,14,680-560,1.27-3.55,mid-level cloud,0.01287356796532823,-0.5020251994851557,0.3641408240699111,-0.1378843754152445,-38.99658593773197,28.285928582552586,-10.710657355179384,-39.02968419837548,28.312542862179946,-10.717141336195539,0.006483981016154772,248,True,True
EP,15,680-560,3.55-9.38,mid-level cloud,0.015224781674513884,-1.2050981948549049,0.4913790509298631,-0.7137191439250417,-79.15372585422529,32.274948924385974,-46.878776929839304,-79.03000536467265,32.33163225075199,-46.69837311392068,-0.18040381591862342,248,True,True
EP,16,680-560,9.38-22.63,mid-level cloud,0.007903420219138589,-0.9933788116475422,0.23890336028688763,-0.7544754513606544,-125.68973736737647,30.227844864982547,-95.46189250239391,-125.6902998775628,30.374251318436063,-95.31604855912673,-0.14584394326718098,248,True,True
EP,17,680-560,22.63-60.36,mid-level cloud,0.0014894135669070783,-0.2443392893336949,0.041123866657434976,-0.20321542267625994,-164.050667163648,27.61077753765393,-136.43988962599408,-165.1494903588533,27.82141852338215,-137.32807183547112,0.8881822094770371,248,True,True
EP,18,680-560,60.36-378.65,mid-level cloud,2.0679378684812593e-05,-0.0044331516650526655,0.0005527479179442687,-0.0038804037471083966,-214.37547677911974,26.72942579025449,-187.64605098886523,-223.72150312421883,26.88955258217929,-196.83195054203955,9.185899553174323,248,True,True
EP,19,560-440,0.02-1.27,mid-level cloud,0.003945625878069169,-0.03264797947549574,0.07764161109366459,0.04499363161816885,-8.274474185949012,19.677894836714543,11.403420650765533,-8.265547862598217,19.738618085230975,11.473070222632762,-0.0696495718672292,248,True,True
EP,20,560-440,1.27-3.55,mid-level cloud,0.003577425449672905,-0.166278946633745,0.1690195509486117,0.0027406043148666772,-46.48005918584506,47.24614204443189,0.766082858586825,-46.556692504458155,47.42029743303368,0.8636049285755142,-0.09752206998868918,248,True,True
EP,21,560-440,3.55-9.38,mid-level cloud,0.008351140504811467,-0.7415503172807756,0.42441667012275913,-0.3171336471580165,-88.79629277624238,50.82140216395996,-37.97489061228243,-88.81824367436835,50.966580626816985,-37.85166304755136,-0.12322756473106722,248,True,True
EP,22,560-440,9.38-22.63,mid-level cloud,0.005973616224347052,-0.8089359770495783,0.29324929214345924,-0.5156866849061189,-135.4181364635622,49.09074857340922,-86.32738789015295,-135.34911724839998,49.19047235751654,-86.15864489088342,-0.16874299926952574,248,True,True
EP,23,560-440,22.63-60.36,mid-level cloud,0.0015130058516429153,-0.26505491673272963,0.07068116204185206,-0.19437375469087753,-175.18433021585253,46.71572285401413,-128.46860736183837,-175.9399305412645,46.62179121400694,-129.31813932725757,0.8495319654192031,248,True,True
EP,24,560-440,60.36-378.65,mid-level cloud,4.067887943852163e-05,-0.009230416921977368,0.002361094531388603,-0.006869322390588766,-226.90932123455815,58.04227068144655,-168.86705055311162,-232.67732152835978,55.905618269812706,-176.7717032585471,7.904652705435467,248,True,True
EP,25,440-310,0.02-1.27,thin high cloud,0.014887751241942873,-0.2434883263096101,0.5217145313201591,0.27822620501054895,-16.354943224980598,35.043205843629785,18.688262618649183,-16.347670511686903,34.898415152750204,18.550744641063293,0.13751797758589035,248,True,True
EP,26,440-310,1.27-3.55,thin high cloud,0.007415214819324097,-0.4144079333329906,0.4909430274517746,0.07653509411878408,-55.886166945971794,66.20752593335177,10.321358987379993,-56.094773554193914,66.01376870231788,9.918995148123967,0.4023638392560258,248,True,True
EP,27,440-310,3.55-9.38,thick anvil cloud,0.008954427684702206,-1.0085797759335604,0.7158540092767676,-0.29272576665679284,-112.6347558377878,79.94413875269065,-32.69061708509715,-112.61523982659652,80.18163491002021,-32.4336049165763,-0.25701216852085196,248,True,True
EP,28,440-310,9.38-22.63,thick anvil cloud,0.007140442458407995,-1.1110429274960572,0.5931446156135224,-0.5178983118825348,-155.59861086588336,83.06832791784272,-72.53028294804064,-155.48410530057495,83.24664101530907,-72.23746428526592,-0.2928186627747209,248,True,True
EP,29,440-310,22.63-60.36,deep convective cloud,0.0020016801277773126,-0.3836836629042774,0.16495173953101644,-0.21873192337326092,-191.68080732775417,82.40664292060522,-109.27416440714892,-192.46567935765228,82.01290384317736,-110.45277551447492,1.178611107326006,248,True,True
EP,30,440-310,60.36-378.65,deep convective cloud,0.00014334718394362123,-0.03282019457247628,0.012395237940653723,-0.020424956631822557,-228.95597715672275,86.47004844914706,-142.4859287075757,-233.42598596768087,86.22221198754231,-147.20377398013855,4.71784527256284,248,True,True
EP,31,310-180,0.02-1.27,thin high cloud,0.0217178008228674,-0.29123454958091494,0.6028118387835171,0.31157728920260214,-13.40994661274655,27.75657828801875,14.346631675272201,-13.507520463286513,27.77974146363981,14.272221000353301,0.07441067491889974,248,True,True
EP,32,310-180,1.27-3.55,thin high cloud,0.021294103889955906,-1.3739380830303205,1.7269558175368342,0.35301773450651375,-64.52199586000825,81.10018747261829,16.578191612610038,-64.52018109023693,81.1937208266391,16.673539736402166,-0.09534812379212809,248,True,True
EP,33,310-180,3.55-9.38,thick anvil cloud,0.022320164675309256,-2.5794626566694445,2.402143339692887,-0.17731931697655778,-115.56647068661042,107.62211545644001,-7.9443552301704035,-115.13604848459023,108.11055095582371,-7.025497528766525,-0.9188577014038781,248,True,True
EP,34,310-180,9.38-22.63,thick anvil cloud,0.016901446110733808,-2.8732754933254174,2.075359465478859,-0.7979160278465584,-170.00175455404678,122.79182810048634,-47.20992645356045,-169.2340417101628,123.3732237551853,-45.86081795497752,-1.349108498582929,248,True,True
EP,35,310-180,22.63-60.36,deep convective cloud,0.010997994474112116,-2.3093384728858632,1.4414164955776803,-0.8679219773081827,-209.97814449914054,131.06175848429382,-78.9163860148467,-208.9901524003332,131.27911742814138,-77.7110349721918,-1.2053510426548968,248,True,True
EP,36,310-180,60.36-378.65,deep convective cloud,0.002881981176027107,-0.6929050470017555,0.4015847980785228,-0.29132024892323266,-240.42663871835026,139.34331057363772,-101.08332814471255,-239.90993874992472,139.43014511639763,-100.47979363352707,-0.6035345111854866,248,True,True
EP,37,180-10,0.02-1.27,thin high cloud,0.00660954405274725,-0.013274782358617511,0.05218418682730118,0.03890940446868367,-2.008426338137479,7.895277860446497,5.886851522309018,-2.356481765686884,8.233395439789186,5.8769136741023,0.009937848206718058,248,True,True
EP,38,180-10,1.27-3.55,thin high cloud,0.0007858297378061768,-0.051655678976302376,0.08212267952992419,0.030467000553621802,-65.7339325443588,104.50441816975318,38.77048562539437,-65.65257503120175,104.2994597288513,38.646884697649554,0.12360092774481757,248,True,True
EP,39,180-10,3.55-9.38,thick anvil cloud,0.00022762165932035182,-0.025598382332875657,0.030767511954741457,0.005169129621865798,-112.46022197232479,135.169526690075,22.709304717750218,-109.50854189269509,133.50814307228177,23.999601179586644,-1.2902964618364265,248,True,True
EP,40,180-10,9.38-22.63,thick anvil cloud,0.0008456690503545624,-0.1589255185877719,0.13331676798060307,-0.025608750607168846,-187.92873940596436,157.64650240505733,-30.28223700090704,-187.30322852035331,159.7010517716656,-27.602176748687683,-2.6800602522193557,248,True,True
EP,41,180-10,22.63-60.36,deep convective cloud,0.0025153396215191193,-0.568004506494771,0.39987487658779264,-0.16812962990697838,-225.8162284072515,158.9745071269109,-66.8417212803406,-224.6134238212555,160.67530419759035,-63.93811962366517,-2.90360165667542,248,True,True
EP,42,180-10,60.36-378.65,deep convective cloud,0.0038304803635441035,-0.9698682175707504,0.6220701133249107,-0.34779810424583957,-253.19754326410177,162.40002670300814,-90.7975165610936,-251.25188608185064,163.28457325010388,-87.96731283174675,-2.8302037293468487,248,True,True
