region,cloud_type,ctp_bin,tau_bin,physical_group,CF0,Q0_SW,Q0_LW,Q0_Net,CRE0_SW_ratio,CRE0_LW_ratio,CRE0_Net_ratio,CRE0_SW_monthlymean,CRE0_LW_monthlymean,CRE0_Net_monthlymean,difference_ratio_minus_monthlymean_Net,valid_n_kernel,display_valid_n_ge_24,sensitivity_valid_n_ge_48,panels_used,display_value_tp_sw,display_value_tp_lw,display_value_tp_net,display_value_regional_net,baseline_hatch
CP,1,1000-800,0.02-1.27,low cloud,0.0520244803782077,-0.4512952624072747,-0.0896257814201344,-0.5409210438274092,-8.674671214905882,-1.7227616838952096,-10.397432898801092,-8.604502912431682,-1.9854436868707157,-10.589946599302396,0.1925137005013049,248,True,True,e,,,,-10.397432898801092,False
CP,2,1000-800,1.27-3.55,low cloud,0.0645357338261725,-1.9860514756196384,0.064947430751231,-1.9211040448684071,-30.774446308599867,1.0063793638136584,-29.76806694478621,-30.737002100755394,0.9360501502078916,-29.800951950547503,0.0328850057612939,248,True,True,e,,,,-29.76806694478621,False
CP,3,1000-800,3.55-9.38,low cloud,0.0168189496908204,-1.1448993034165658,0.0574502919716943,-1.0874490114448716,-68.07198573412929,3.415807349911393,-64.6561783842179,-67.87710931693498,3.3335578006973594,-64.54355151623764,-0.1126268679802535,248,True,True,e,,,,-64.6561783842179,False
CP,4,1000-800,9.38-22.63,low cloud,0.0008290791054465,-0.0926572503241532,0.0049060967225324,-0.0877511536016207,-111.7592395170208,5.917525469285895,-105.84171404773488,-112.1474958170206,5.685876594369184,-106.4616192226514,0.6199051749165108,248,True,True,e,,,,-105.84171404773488,False
CP,5,1000-800,22.63-60.36,low cloud,9.631418898059362e-06,-0.0013893340785816,6.811855437720155e-05,-0.0013212155242044,-144.25019753439952,7.07253573935267,-137.17766179504684,-150.31686739546694,6.524396202407818,-143.79247119305913,6.614809398012284,247,True,True,e,,,,-137.17766179504684,False
CP,6,1000-800,60.36-378.65,low cloud,1.8373025471454895e-08,-2.8427036611872586e-06,1.4376771240513465e-07,-2.6989359487821236e-06,-154.72158712258917,7.824934038680685,-146.89665308390846,-207.76666179952613,5.160107516026623,-202.60655428349952,55.70990119959106,17,False,False,e,,,,,True
CP,7,800-680,0.02-1.27,low cloud,0.0154868927645161,-0.1923214550862011,0.1240862748665326,-0.0682351802196684,-12.418337106772745,8.012341581575448,-4.405995525197294,-12.413959480324662,8.03681194288646,-4.377147537438201,-0.028847987759093,248,True,True,e,,,,-4.405995525197294,False
CP,8,800-680,1.27-3.55,low cloud,0.0377110697177403,-1.3887356661527437,0.5101105297787595,-0.8786251363739841,-36.82567682505819,13.526811453422903,-23.298865371635284,-36.870936383080874,13.572335988921903,-23.29860039415897,-0.0002649774763128,248,True,True,e,,,,-23.298865371635284,False
CP,9,800-680,3.55-9.38,low cloud,0.0241060007079655,-1.8072875084743192,0.3432052232366029,-1.4640822852377164,-74.97251536531815,14.237335649093977,-60.735179716224174,-74.98918289707848,14.191708439126682,-60.7974744579518,0.0622947417276265,248,True,True,e,,,,-60.735179716224174,False
CP,10,800-680,9.38-22.63,low cloud,0.005174037835013,-0.6084496071033607,0.0783410743205879,-0.5301085327827728,-117.59666753612414,15.141186983683868,-102.45548055244028,-117.7154027645197,14.995705420892,-102.71969734362769,0.2642167911874082,248,True,True,e,,,,-102.45548055244028,False
CP,11,800-680,22.63-60.36,low cloud,0.0001989649134005,-0.0309294872571424,0.0031502379477693,-0.027779249309373,-155.45196752793117,15.833133058124329,-139.6188344698068,-156.68157102100406,15.637307394402535,-141.04426362660155,1.4254291567947348,248,True,True,e,,,,-139.6188344698068,False
CP,12,800-680,60.36-378.65,low cloud,6.200120604450498e-07,-0.0001217803446553,1.0175591686406147e-05,-0.0001116047529689,-196.4160899836908,16.411925405292962,-180.00416457839785,-210.17758084423372,15.259882813305634,-194.9176980309281,14.91353345253026,243,True,True,e,,,,-180.00416457839785,False
CP,13,680-560,0.02-1.27,mid-level cloud,0.0179389563373334,-0.2428206993901237,0.2754108436512377,0.032590144261114,-13.535943497715133,15.352668152609882,1.8167246548947509,-13.47561619534168,15.477245358044325,2.0016291627026432,-0.1849045078078925,248,True,True,e,,,,1.8167246548947509,False
CP,14,680-560,1.27-3.55,mid-level cloud,0.0223258805794041,-0.854353467677049,0.646449616111937,-0.207903851565112,-38.26740292005323,28.955167694854293,-9.312235225198943,-38.38666301757683,29.151902414896327,-9.23476060268051,-0.0774746225184355,248,True,True,e,,,,-9.312235225198943,False
CP,15,680-560,3.55-9.38,mid-level cloud,0.0145985547835982,-1.1105855048841322,0.5084829635189961,-0.602102541365136,-76.07503080591893,34.83104807677854,-41.24398272914038,-76.1182716159248,34.93372285414543,-41.18454876177936,-0.0594339673610164,248,True,True,e,,,,-41.24398272914038,False
CP,16,680-560,9.38-22.63,mid-level cloud,0.004239656451586,-0.5243857553128857,0.1416324146566859,-0.3827533406561997,-123.68590740806708,33.40657816830928,-90.2793292397578,-123.5510333520482,33.40224535145086,-90.1487880005973,-0.130541239160479,248,True,True,e,,,,-90.2793292397578,False
CP,17,680-560,22.63-60.36,mid-level cloud,0.0004665922512077,-0.076646379850723,0.0144714400154068,-0.0621749398353161,-164.26843706112476,31.015174336799177,-133.2532627243256,-164.1222839938091,30.962422383532825,-133.15986161027627,-0.0934011140493282,248,True,True,e,,,,-133.2532627243256,False
CP,18,680-560,60.36-378.65,mid-level cloud,5.236750206830058e-06,-0.0011783559355607,0.0001516915403075,-0.0010266643952531,-225.01663990462285,28.96673209842112,-196.04990780620176,-225.85822247080256,29.32117283835132,-196.53704963245124,0.4871418262494842,248,True,True,e,,,,-196.04990780620176,False
CP,19,560-440,0.02-1.27,mid-level cloud,0.0091018928216518,-0.0894444395905251,0.1786964733350854,0.0892520337445602,-9.827015253107804,19.632891403642656,9.805876150534855,-9.674138382996416,19.5935832240085,9.919444841012083,-0.1135686904772299,248,True,True,e,,,,9.805876150534855,False
CP,20,560-440,1.27-3.55,mid-level cloud,0.0066161080918978,-0.3068429307950727,0.3201694871199432,0.0133265563248706,-46.3781616825205,48.392420842099575,2.0142591595790806,-46.66818511869483,48.53881334388981,1.8706282251949624,0.1436309343841182,248,True,True,e,,,,2.0142591595790806,False
CP,21,560-440,3.55-9.38,mid-level cloud,0.0110461531885044,-0.9477768214855784,0.5848652345326426,-0.3629115869529354,-85.80152794476118,52.94741296375481,-32.85411498100634,-86.04951789660338,53.2487919881383,-32.80072590846507,-0.0533890725412717,248,True,True,e,,,,-32.85411498100634,False
CP,22,560-440,9.38-22.63,mid-level cloud,0.0047273950437335,-0.6314705123001935,0.2504815863717973,-0.3809889259283961,-133.57684442666604,52.98511845415246,-80.5917259725136,-133.1046135306105,53.07212664427026,-80.03248688634024,-0.5592390861733634,248,True,True,e,,,,-80.5917259725136,False
CP,23,560-440,22.63-60.36,mid-level cloud,0.0007703988398201,-0.1345012596547482,0.0399785862623406,-0.0945226733924075,-174.58652934387163,51.893362497369246,-122.69316684650236,-173.85150075252557,51.58203754361582,-122.26946320890973,-0.4237036375926379,248,True,True,e,,,,-122.69316684650236,False
CP,24,560-440,60.36-378.65,mid-level cloud,1.559157512896402e-05,-0.0036016479416321,0.0008166204569504,-0.0027850274846816,-230.9996207465567,52.37575101911494,-178.6238697274417,-231.85837906914625,51.27972680055738,-180.57865226858883,1.9547825411471251,248,True,True,e,,,,-178.6238697274417,False
CP,25,440-310,0.02-1.27,thin high cloud,0.0360953736927457,-0.684855152985826,1.4043098222921642,0.7194546693063382,-18.97348837043524,38.90553493769186,19.932046567256616,-18.97247112959485,38.88017415224618,19.907703022651337,0.0243435446052799,248,True,True,e,,,,19.932046567256616,False
CP,26,440-310,1.27-3.55,thin high cloud,0.0158537646013583,-0.8910811865072421,1.0694307794199986,0.1783495929127566,-56.20628342311171,67.45595171309475,11.249668289983054,-56.58395539922619,67.52949456938606,10.94553917015987,0.3041291198231839,248,True,True,e,,,,11.249668289983054,False
CP,27,440-310,3.55-9.38,thick anvil cloud,0.0127250196592161,-1.4025954208453464,1.0057050171896738,-0.3968904036556727,-110.22343842349248,79.03367099800784,-31.189767425484657,-110.41365965563584,79.30917079517207,-31.10448886046378,-0.0852785650208751,248,True,True,e,,,,-31.189767425484657,False
CP,28,440-310,9.38-22.63,thick anvil cloud,0.0086407059042839,-1.3379165296342412,0.7266934018071426,-0.6112231278270985,-154.83879956739707,84.10116139317513,-70.73763817422194,-154.4759096253199,84.42976480058141,-70.04614482473846,-0.6914933494834798,248,True,True,e,,,,-70.73763817422194,False
CP,29,440-310,22.63-60.36,deep convective cloud,0.0020785256701392,-0.3995019950777758,0.1775330783406296,-0.221968916737146,-192.20450380630103,85.41298329442093,-106.79152051188008,-191.4998598532516,85.70638274845976,-105.79347710479188,-0.998043407088204,248,True,True,e,,,,-106.79152051188008,False
CP,30,440-310,60.36-378.65,deep convective cloud,0.0001207022540708,-0.0279036759432956,0.0107447194419535,-0.0171589565013421,-231.1777535397599,89.0183826694926,-142.1593708702673,-231.60570972611535,89.32178549149118,-142.2839242346242,0.124553364356899,248,True,True,e,,,,-142.1593708702673,False
CP,31,310-180,0.02-1.27,thin high cloud,0.0544474443807143,-0.856000572253013,1.711538056589606,0.8555374843365932,-15.721593216893282,31.43468120600798,15.713087989114698,-15.770615390787462,31.463028440210515,15.69241304942305,0.0206749396916468,248,True,True,e,,,,15.713087989114698,False
CP,32,310-180,1.27-3.55,thin high cloud,0.0506863305799121,-3.3738678143625807,4.369089088182279,0.9952212738196984,-66.56366274223255,86.19856750715,19.634904764917454,-66.74629778674459,86.16816195819575,19.42186417145115,0.2130405934663066,248,True,True,e,,,,19.634904764917454,False
CP,33,310-180,3.55-9.38,thick anvil cloud,0.0472258450799436,-5.559084389339676,5.333211955585541,-0.2258724337541354,-117.7127562234046,112.92994220765158,-4.782814015753025,-117.76540753315184,112.89779785800168,-4.867609675150146,0.0847956593971215,248,True,True,e,,,,-4.782814015753025,False
CP,34,310-180,9.38-22.63,thick anvil cloud,0.0323423979202785,-5.535274337167911,4.136607704771148,-1.3986666323967634,-171.14607119768692,127.90046412042672,-43.24560707726022,-170.9400864007125,127.98241810899684,-42.9576682917157,-0.2879387855445188,248,True,True,e,,,,-43.24560707726022,False
CP,35,310-180,22.63-60.36,deep convective cloud,0.0181323150012973,-3.825889205162956,2.477915792436652,-1.347973412726304,-210.9983863003268,136.65744237618608,-74.3409439241407,-210.67823302682177,136.80731800259193,-73.87091502422986,-0.4700288999108437,248,True,True,e,,,,-74.3409439241407,False
CP,36,310-180,60.36-378.65,deep convective cloud,0.0035729535748375,-0.863344118911935,0.5135627839633716,-0.3497813349485633,-241.633175698677,143.73620401343257,-97.89697168524442,-241.19847964661517,143.9715548350744,-97.22692481154075,-0.6700468737036545,248,True,True,e,,,,-97.89697168524442,False
CP,37,180-10,0.02-1.27,thin high cloud,0.0173576474456953,0.0032113542897346,0.1352017211460686,0.1384130754358032,0.1850109180856199,7.789173133574513,7.974184051660132,-0.0611493197535325,8.310236481078839,8.249087161325305,-0.2749031096651722,248,True,True,e,,,,7.974184051660132,False
CP,38,180-10,1.27-3.55,thin high cloud,0.0029060678088708,-0.1954795351201423,0.3159929335214744,0.120513398401332,-67.26599239131161,108.73556788898634,41.46957549767473,-67.0494750936323,109.40849435022297,42.35901925659065,-0.8894437589159168,248,True,True,e,,,,41.46957549767473,False
CP,39,180-10,3.55-9.38,thick anvil cloud,0.0014829302994633,-0.1710395280747857,0.2090445216214524,0.0380049935466666,-115.33888554079913,140.96719292680385,25.62830738600475,-114.29914548053172,141.274608985333,26.9754635048013,-1.3471561187965513,248,True,True,e,,,,25.62830738600475,False
CP,40,180-10,9.38-22.63,thick anvil cloud,0.0033793909082611,-0.639899131412326,0.5444451752567632,-0.0954539561555628,-189.3533920115756,161.10748653724306,-28.245905474332503,-188.43739186874865,161.5356300159998,-26.901761852748862,-1.3441436215836404,248,True,True,e,,,,-28.245905474332503,False
CP,41,180-10,22.63-60.36,deep convective cloud,0.0081665481608877,-1.851405292070721,1.335594267490414,-0.5158110245803065,-226.7059785354234,163.5445283831188,-63.161450152304575,-225.69256934751573,163.66377055422504,-62.02879879329067,-1.132651359013899,248,True,True,e,,,,-63.161450152304575,False
CP,42,180-10,60.36-378.65,deep convective cloud,0.0090442700136436,-2.294344824512792,1.522195455959637,-0.7721493685531547,-253.67938164734952,168.30495481264265,-85.37442683470685,-252.78475685668928,168.11350459501443,-84.67125226167484,-0.7031745730320154,248,True,True,e,,,,-85.37442683470685,False
EP,1,1000-800,0.02-1.27,low cloud,0.0546188236169419,-0.573707302010246,-0.0026294246256347,-0.5763367266358808,-10.5038384941028,-0.0481413632061302,-10.55197985730893,-10.543752395725852,-0.0043469693749931,-10.548099365100846,-0.0038804922080846,248,True,True,f,,,,-10.55197985730893,False
EP,2,1000-800,1.27-3.55,low cloud,0.1136734274112088,-4.091114599218122,0.3613693257831396,-3.729745273434983,-35.99006990805941,3.1790131960735324,-32.811056711985884,-35.863518039192265,3.147845766633231,-32.71567227255903,-0.0953844394268514,248,True,True,f,,,,-32.811056711985884,False
EP,3,1000-800,3.55-9.38,low cloud,0.0947220128959121,-7.0733507853822815,0.5529428756943178,-6.520407909687964,-74.6748360716851,5.837532995650483,-68.83730307603462,-74.1082245269039,5.715945229897212,-68.39227929700667,-0.4450237790279487,248,True,True,f,,,,-68.83730307603462,False
EP,4,1000-800,9.38-22.63,low cloud,0.0282813449287448,-3.423739053859403,0.1892889110305231,-3.23445014282888,-121.05998008530176,6.693066100902853,-114.3669139843989,-121.12166314939684,7.099376429133599,-114.02228672026328,-0.3446272641356387,248,True,True,f,,,,-114.3669139843989,False
EP,5,1000-800,22.63-60.36,low cloud,0.0020663925316433,-0.3305458123872171,0.0069376238288896,-0.3236081885583275,-159.96274053717437,3.357360096231288,-156.60538044094312,-161.60354129709813,5.11623870694167,-156.48730259015647,-0.1180778507866477,248,True,True,f,,,,-156.60538044094312,False
EP,6,1000-800,60.36-378.65,low cloud,4.625152435288167e-06,-0.0009881131091448,-3.154870232257845e-06,-0.000991267979377,-213.63903632794555,-0.6821116225678047,-214.32114795051336,-210.00558853861727,1.7197061975580152,-208.2858823410593,-6.035265609454058,213,True,True,f,,,,-214.32114795051336,False
EP,7,800-680,0.02-1.27,low cloud,0.0089825750299532,-0.1046199708585729,0.078945674713817,-0.0256742961447558,-11.646991036502111,8.788757616893308,-2.8582334196088004,-11.716542445024704,8.87902009559717,-2.8375223494275335,-0.0207110701812669,248,True,True,f,,,,-2.8582334196088004,False
EP,8,800-680,1.27-3.55,low cloud,0.0312728571995809,-1.2028209365166145,0.4279543375729116,-0.7748665989437029,-38.46213759236337,13.684529521614865,-24.77760807074851,-38.50769947985617,13.687464612050954,-24.820234867805222,0.0426267970567124,248,True,True,f,,,,-24.77760807074851,False
EP,9,800-680,3.55-9.38,low cloud,0.0380079707447564,-2.952125689013081,0.5419511837963317,-2.41017450521675,-77.67122609197315,14.258882365381178,-63.412343726591985,-77.57162322206653,14.309222386474172,-63.26240083559236,-0.1499428909996254,248,True,True,f,,,,-63.412343726591985,False
EP,10,800-680,9.38-22.63,low cloud,0.0144661104062971,-1.7484613028619267,0.2052951416646347,-1.5431661611972918,-120.86602782326416,14.191454088119537,-106.67457373514462,-120.87617809089454,14.39236416056999,-106.48381393032456,-0.1907598048200611,248,True,True,f,,,,-106.67457373514462,False
EP,11,800-680,22.63-60.36,low cloud,0.0013174988585966,-0.2091611136147061,0.0168024501969244,-0.1923586634177816,-158.75620100157377,12.753293930609118,-146.00290707096465,-159.67962285163384,13.2226305864761,-146.45699226515774,0.4540851941930839,248,True,True,f,,,,-146.00290707096465,False
EP,12,800-680,60.36-378.65,low cloud,6.552275263895075e-06,-0.001363755067841,8.609471344223946e-05,-0.0012776603543987,-208.13458118215797,13.139666753111875,-194.99491442904608,-214.4230447786541,14.324912134030775,-200.09813264462332,5.103218215577243,248,True,True,f,,,,-194.99491442904608,False
EP,13,680-560,0.02-1.27,mid-level cloud,0.0075781641985831,-0.0874028362664039,0.1142375740668975,0.0268347378004936,-11.533510488298136,15.074570974360295,3.5410604860621606,-11.575755575545958,15.22169795845616,3.645942382910198,-0.1048818968480373,248,True,True,f,,,,3.5410604860621606,False
EP,14,680-560,1.27-3.55,mid-level cloud,0.0128735679653282,-0.5020251994851557,0.3641408240699111,-0.1378843754152445,-38.99658593773197,28.285928582552582,-10.710657355179384,-39.02968419837548,28.312542862179946,-10.71714133619554,0.0064839810161547,248,True,True,f,,,,-10.710657355179384,False
EP,15,680-560,3.55-9.38,mid-level cloud,0.0152247816745138,-1.2050981948549049,0.4913790509298631,-0.7137191439250417,-79.15372585422529,32.274948924385974,-46.878776929839304,-79.03000536467265,32.33163225075199,-46.69837311392068,-0.1804038159186234,248,True,True,f,,,,-46.878776929839304,False
EP,16,680-560,9.38-22.63,mid-level cloud,0.0079034202191385,-0.9933788116475422,0.2389033602868876,-0.7544754513606544,-125.68973736737648,30.227844864982547,-95.46189250239392,-125.6902998775628,30.374251318436063,-95.31604855912671,-0.1458439432671809,248,True,True,f,,,,-95.46189250239392,False
EP,17,680-560,22.63-60.36,mid-level cloud,0.001489413566907,-0.2443392893336949,0.0411238666574349,-0.2032154226762599,-164.050667163648,27.61077753765393,-136.43988962599408,-165.1494903588533,27.82141852338215,-137.32807183547112,0.8881822094770371,248,True,True,f,,,,-136.43988962599408,False
EP,18,680-560,60.36-378.65,mid-level cloud,2.0679378684812593e-05,-0.0044331516650526,0.0005527479179442,-0.0038804037471083,-214.37547677911977,26.72942579025449,-187.64605098886523,-223.72150312421883,26.88955258217929,-196.83195054203955,9.185899553174323,248,True,True,f,,,,-187.64605098886523,False
EP,19,560-440,0.02-1.27,mid-level cloud,0.0039456258780691,-0.0326479794754957,0.0776416110936645,0.0449936316181688,-8.274474185949012,19.677894836714543,11.403420650765533,-8.265547862598217,19.738618085230975,11.473070222632762,-0.0696495718672292,248,True,True,f,,,,11.403420650765533,False
EP,20,560-440,1.27-3.55,mid-level cloud,0.0035774254496729,-0.166278946633745,0.1690195509486117,0.0027406043148666,-46.48005918584506,47.24614204443189,0.766082858586825,-46.556692504458155,47.42029743303368,0.8636049285755142,-0.0975220699886891,248,True,True,f,,,,0.766082858586825,False
EP,21,560-440,3.55-9.38,mid-level cloud,0.0083511405048114,-0.7415503172807756,0.4244166701227591,-0.3171336471580165,-88.79629277624238,50.82140216395996,-37.97489061228243,-88.81824367436835,50.966580626816985,-37.85166304755136,-0.1232275647310672,248,True,True,f,,,,-37.97489061228243,False
EP,22,560-440,9.38-22.63,mid-level cloud,0.005973616224347,-0.8089359770495783,0.2932492921434592,-0.5156866849061189,-135.4181364635622,49.09074857340922,-86.32738789015295,-135.34911724839998,49.19047235751654,-86.15864489088342,-0.1687429992695257,248,True,True,f,,,,-86.32738789015295,False
EP,23,560-440,22.63-60.36,mid-level cloud,0.0015130058516429,-0.2650549167327296,0.070681162041852,-0.1943737546908775,-175.18433021585253,46.71572285401413,-128.46860736183837,-175.9399305412645,46.62179121400694,-129.31813932725757,0.8495319654192031,248,True,True,f,,,,-128.46860736183837,False
EP,24,560-440,60.36-378.65,mid-level cloud,4.067887943852163e-05,-0.0092304169219773,0.0023610945313886,-0.0068693223905887,-226.90932123455815,58.04227068144655,-168.86705055311162,-232.67732152835976,55.905618269812706,-176.7717032585471,7.904652705435467,248,True,True,f,,,,-168.86705055311162,False
EP,25,440-310,0.02-1.27,thin high cloud,0.0148877512419428,-0.2434883263096101,0.5217145313201591,0.2782262050105489,-16.354943224980598,35.043205843629785,18.688262618649183,-16.347670511686903,34.898415152750204,18.550744641063293,0.1375179775858903,248,True,True,f,,,,18.688262618649183,False
EP,26,440-310,1.27-3.55,thin high cloud,0.007415214819324,-0.4144079333329906,0.4909430274517746,0.076535094118784,-55.886166945971794,66.20752593335177,10.321358987379991,-56.094773554193914,66.01376870231788,9.918995148123969,0.4023638392560258,248,True,True,f,,,,10.321358987379991,False
EP,27,440-310,3.55-9.38,thick anvil cloud,0.0089544276847022,-1.0085797759335604,0.7158540092767676,-0.2927257666567928,-112.6347558377878,79.94413875269065,-32.69061708509715,-112.61523982659652,80.18163491002021,-32.4336049165763,-0.2570121685208519,248,True,True,f,,,,-32.69061708509715,False
EP,28,440-310,9.38-22.63,thick anvil cloud,0.0071404424584079,-1.1110429274960572,0.5931446156135224,-0.5178983118825348,-155.59861086588336,83.06832791784272,-72.53028294804064,-155.48410530057495,83.24664101530907,-72.23746428526592,-0.2928186627747209,248,True,True,f,,,,-72.53028294804064,False
EP,29,440-310,22.63-60.36,deep convective cloud,0.0020016801277773,-0.3836836629042774,0.1649517395310164,-0.2187319233732609,-191.68080732775417,82.40664292060522,-109.27416440714892,-192.46567935765228,82.01290384317736,-110.45277551447492,1.178611107326006,248,True,True,f,,,,-109.27416440714892,False
EP,30,440-310,60.36-378.65,deep convective cloud,0.0001433471839436,-0.0328201945724762,0.0123952379406537,-0.0204249566318225,-228.95597715672275,86.47004844914706,-142.4859287075757,-233.42598596768087,86.22221198754231,-147.20377398013855,4.71784527256284,248,True,True,f,,,,-142.4859287075757,False
EP,31,310-180,0.02-1.27,thin high cloud,0.0217178008228674,-0.2912345495809149,0.6028118387835171,0.3115772892026021,-13.40994661274655,27.75657828801875,14.3466316752722,-13.507520463286513,27.77974146363981,14.2722210003533,0.0744106749188997,248,True,True,f,,,,14.3466316752722,False
EP,32,310-180,1.27-3.55,thin high cloud,0.0212941038899559,-1.3739380830303205,1.7269558175368342,0.3530177345065137,-64.52199586000825,81.10018747261829,16.578191612610038,-64.52018109023693,81.1937208266391,16.673539736402166,-0.095348123792128,248,True,True,f,,,,16.578191612610038,False
EP,33,310-180,3.55-9.38,thick anvil cloud,0.0223201646753092,-2.5794626566694445,2.402143339692887,-0.1773193169765577,-115.56647068661042,107.62211545644,-7.9443552301704035,-115.13604848459023,108.11055095582373,-7.025497528766525,-0.918857701403878,248,True,True,f,,,,-7.9443552301704035,False
EP,34,310-180,9.38-22.63,thick anvil cloud,0.0169014461107338,-2.8732754933254174,2.075359465478859,-0.7979160278465584,-170.00175455404678,122.79182810048634,-47.20992645356045,-169.2340417101628,123.3732237551853,-45.86081795497752,-1.349108498582929,248,True,True,f,,,,-47.20992645356045,False
EP,35,310-180,22.63-60.36,deep convective cloud,0.0109979944741121,-2.3093384728858632,1.4414164955776805,-0.8679219773081827,-209.97814449914057,131.06175848429382,-78.9163860148467,-208.9901524003332,131.27911742814138,-77.7110349721918,-1.2053510426548968,248,True,True,f,,,,-78.9163860148467,False
EP,36,310-180,60.36-378.65,deep convective cloud,0.0028819811760271,-0.6929050470017555,0.4015847980785228,-0.2913202489232326,-240.42663871835023,139.34331057363772,-101.08332814471255,-239.90993874992472,139.43014511639765,-100.47979363352708,-0.6035345111854866,248,True,True,f,,,,-101.08332814471255,False
EP,37,180-10,0.02-1.27,thin high cloud,0.0066095440527472,-0.0132747823586175,0.0521841868273011,0.0389094044686836,-2.008426338137479,7.895277860446497,5.886851522309018,-2.356481765686884,8.233395439789186,5.8769136741023,0.009937848206718,248,True,True,f,,,,5.886851522309018,False
EP,38,180-10,1.27-3.55,thin high cloud,0.0007858297378061,-0.0516556789763023,0.0821226795299241,0.0304670005536218,-65.7339325443588,104.50441816975318,38.77048562539437,-65.65257503120175,104.2994597288513,38.646884697649554,0.1236009277448175,248,True,True,f,,,,38.77048562539437,False
EP,39,180-10,3.55-9.38,thick anvil cloud,0.0002276216593203,-0.0255983823328756,0.0307675119547414,0.0051691296218657,-112.4602219723248,135.169526690075,22.709304717750214,-109.50854189269508,133.50814307228177,23.999601179586644,-1.2902964618364263,248,True,True,f,,,,22.709304717750214,False
EP,40,180-10,9.38-22.63,thick anvil cloud,0.0008456690503545,-0.1589255185877719,0.133316767980603,-0.0256087506071688,-187.92873940596436,157.64650240505733,-30.28223700090704,-187.30322852035331,159.7010517716656,-27.602176748687683,-2.6800602522193557,248,True,True,f,,,,-30.28223700090704,False
EP,41,180-10,22.63-60.36,deep convective cloud,0.0025153396215191,-0.568004506494771,0.3998748765877926,-0.1681296299069783,-225.8162284072515,158.9745071269109,-66.8417212803406,-224.6134238212555,160.67530419759035,-63.93811962366517,-2.90360165667542,248,True,True,f,,,,-66.8417212803406,False
EP,42,180-10,60.36-378.65,deep convective cloud,0.0038304803635441,-0.9698682175707504,0.6220701133249107,-0.3477981042458395,-253.19754326410177,162.40002670300814,-90.7975165610936,-251.25188608185064,163.28457325010388,-87.96731283174675,-2.8302037293468487,248,True,True,f,,,,-90.7975165610936,False
TP,1,1000-800,0.02-1.27,low cloud,0.0455490956237248,-0.4364267894744249,-0.0495341298297283,-0.4859609193041533,-9.581458940034503,-1.0874887668225808,-10.668947706857088,-9.564795629457228,-1.1431838795235212,-10.707979508980747,0.0390318021236613,248,True,True,"a,b,c",-9.581458940034503,-1.0874887668225808,-10.668947706857088,,False
TP,2,1000-800,1.27-3.55,low cloud,0.0784372204646809,-2.665263899773938,0.169691089399108,-2.49557281037483,-33.97958117312515,2.163400084727854,-31.816181088397297,-33.929682751094866,2.1386309718016965,-31.791051779293177,-0.0251293091041198,248,True,True,"a,b,c",-33.97958117312515,2.163400084727854,-31.816181088397297,,False
TP,3,1000-800,3.55-9.38,low cloud,0.0495986564064619,-3.6402163547705824,0.2612088184006857,-3.3790075363698957,-73.39344688974923,5.2664494832294375,-68.12699740651976,-72.94901282533422,5.113868744444497,-67.83514408088972,-0.2918533256300435,248,True,True,"a,b,c",-73.39344688974923,5.2664494832294375,-68.12699740651976,,False
TP,4,1000-800,9.38-22.63,low cloud,0.0129785475079568,-1.562915319348969,0.0856140584271668,-1.4773012609218026,-120.4229763300388,6.59658242763136,-113.82639390240746,-120.42356681149586,6.961031159706929,-113.46253565178893,-0.3638582506185344,248,True,True,"a,b,c",-120.4229763300388,6.59658242763136,-113.82639390240746,,False
TP,5,1000-800,22.63-60.36,low cloud,0.0009184433223285,-0.1464275564011581,0.0031209795061476,-0.1433065768950105,-159.43014973413693,3.398118784548354,-156.0320309495886,-161.21158074989012,5.136661836334206,-156.07491891355593,0.0428879639673311,248,True,True,"a,b,c",-159.43014973413693,3.398118784548354,-156.0320309495886,,False
TP,6,1000-800,60.36-378.65,low cloud,2.083289445385386e-06,-0.0004424085211643,-8.142503868368246e-07,-0.0004432227715511,-212.36056379218223,-0.3908484193785165,-212.75141221156076,-209.96569784324873,2.1629721266543256,-207.8027257165944,-4.948686494966353,223,True,True,"a,b,c",-212.36056379218223,-0.3908484193785165,-212.75141221156076,,False
TP,7,800-680,0.02-1.27,low cloud,0.0120831358840456,-0.148058554347368,0.0915731570012903,-0.0564853973460777,-12.253321966101709,7.578592004597251,-4.674729961504457,-12.250673706665204,7.629667002355613,-4.62100670430959,-0.0537232571948669,248,True,True,"a,b,c",-12.253321966101709,7.578592004597251,-4.674729961504457,,False
TP,8,800-680,1.27-3.55,low cloud,0.0339685808348383,-1.2665028100794746,0.4376260640508302,-0.8288767460286448,-37.28453703254341,12.883260156750463,-24.401276875792963,-37.30725601762449,12.911509492125225,-24.39574652549926,-0.0055303502937036,248,True,True,"a,b,c",-37.28453703254341,12.883260156750463,-24.401276875792963,,False
TP,9,800-680,3.55-9.38,low cloud,0.0296068866955449,-2.249210115591903,0.4046776437577702,-1.8445324718341327,-75.9691533500667,13.6683619564317,-62.300791393635,-75.95614348471074,13.68484708755866,-62.27129639715208,-0.0294949964829243,248,True,True,"a,b,c",-75.9691533500667,13.6683619564317,-62.300791393635,,False
TP,10,800-680,9.38-22.63,low cloud,0.009457173209933,-1.1194870986487753,0.1326562790878545,-0.9868308195609208,-118.37438881556628,14.027053977241602,-104.34733483832468,-118.4785520406585,14.093239315554165,-104.38531272510434,0.0379778867796574,248,True,True,"a,b,c",-118.37438881556628,14.027053977241602,-104.34733483832468,,False
TP,11,800-680,22.63-60.36,low cloud,0.0007561168897453,-0.1179104409210395,0.0099206864001605,-0.107989754520879,-155.94208054360212,13.12057240713447,-142.82150813646766,-156.7510293030044,13.455378358342232,-143.2956509446622,0.4741428081945287,248,True,True,"a,b,c",-155.94208054360212,13.12057240713447,-142.82150813646766,,False
TP,12,800-680,60.36-378.65,low cloud,3.844174981856981e-06,-0.0007796644628819,5.5477904635428075e-05,-0.0007241865582464,-202.8171107094825,14.431680372840033,-188.3854303366425,-206.07314610688616,14.741974262975235,-191.3311718439109,2.945741507268451,248,True,True,"a,b,c",-202.8171107094825,14.431680372840033,-188.3854303366425,,False
TP,13,680-560,0.02-1.27,mid-level cloud,0.0139996046310509,-0.1874418372356022,0.2006805210336286,0.0132386837980264,-13.3890807758855,14.334727752848206,0.9456469769627062,-13.398496955227412,14.367945729422834,0.9694487741954236,-0.0238017972327174,248,True,True,"a,b,c",-13.3890807758855,14.334727752848206,0.9456469769627062,,False
TP,14,680-560,1.27-3.55,mid-level cloud,0.019691956261274,-0.7567177127660996,0.5350328874855949,-0.2216848252805047,-38.42775713727587,27.170123698567355,-11.25763343870852,-38.47415562904385,27.162606319979,-11.311549309064844,0.0539158703563256,248,True,True,"a,b,c",-38.42775713727587,27.170123698567355,-11.25763343870852,,False
TP,15,680-560,3.55-9.38,mid-level cloud,0.0159410841189347,-1.2171434392555336,0.5117638704149206,-0.705379568840613,-76.35261379806768,32.10345460802445,-44.24915919004324,-76.28277932615796,32.1107128892423,-44.172066436915664,-0.0770927531275731,248,True,True,"a,b,c",-76.35261379806768,32.10345460802445,-44.24915919004324,,False
TP,16,680-560,9.38-22.63,mid-level cloud,0.0061414050379501,-0.7528329460087752,0.1867962307568327,-0.5660367152519424,-122.5831778488344,30.415878712207466,-92.16729913662694,-122.45176219501558,30.452392658048694,-91.99936953696688,-0.16792959966007,248,True,True,"a,b,c",-122.5831778488344,30.415878712207466,-92.16729913662694,,False
TP,17,680-560,22.63-60.36,mid-level cloud,0.000974164582698,-0.1580937008281887,0.0274424651425432,-0.1306512356856454,-162.28643869431028,28.170255447534014,-134.11618324677627,-162.461627656417,28.282649365577186,-134.17897829083984,0.0627950440635629,248,True,True,"a,b,c",-162.28643869431028,28.170255447534014,-134.11618324677627,,False
TP,18,680-560,60.36-378.65,mid-level cloud,1.4070120326768952e-05,-0.003032797953414,0.0003897532433406,-0.0026430447100733,-215.5488285088797,27.70077542258916,-187.84805308629055,-217.92218455497607,27.897127182611484,-190.0250573723646,2.177004286074009,248,True,True,"a,b,c",-215.5488285088797,27.70077542258916,-187.84805308629055,,False
TP,19,560-440,0.02-1.27,mid-level cloud,0.007822397535594,-0.0770716623074847,0.1468308806693598,0.069759218361875,-9.852690553859969,18.770572577172103,8.917882023312133,-9.797620266019916,18.623880981314848,8.82626071529493,0.0916213080172028,248,True,True,"a,b,c",-9.852690553859969,18.770572577172103,8.917882023312133,,False
TP,20,560-440,1.27-3.55,mid-level cloud,0.0062079933181089,-0.2826135414013307,0.2823577837183165,-0.0002557576830142,-45.52413749817286,45.482939373447415,-0.0411981247254543,-45.62595617091954,45.409784955358795,-0.2161712155607393,0.1749730908352849,248,True,True,"a,b,c",-45.52413749817286,45.482939373447415,-0.0411981247254543,,False
TP,21,560-440,3.55-9.38,mid-level cloud,0.0111789325325591,-0.9464290384032422,0.5614181967290904,-0.3850108416741518,-84.66184366411753,50.22109178080583,-34.4407518833117,-84.63658067907785,50.252972048424965,-34.38360863065287,-0.0571432526588253,248,True,True,"a,b,c",-84.66184366411753,50.22109178080583,-34.4407518833117,,False
TP,22,560-440,9.38-22.63,mid-level cloud,0.0055432742489407,-0.7309946952724842,0.2748629975159203,-0.4561316977565637,-131.8705628559093,49.58495379665607,-82.2856090592532,-131.68411933405562,49.59776372712629,-82.08635560692933,-0.1992534523238731,248,True,True,"a,b,c",-131.8705628559093,49.58495379665607,-82.2856090592532,,False
TP,23,560-440,22.63-60.36,mid-level cloud,0.0011151223198555,-0.1927812418556548,0.053280053067304,-0.1395011887883507,-172.87900925580297,47.77955935292124,-125.0994499028817,-172.74493303573385,47.65373395658043,-125.0911990791534,-0.0082508237282894,248,True,True,"a,b,c",-172.87900925580297,47.77955935292124,-125.0994499028817,,False
TP,24,560-440,60.36-378.65,mid-level cloud,2.8543160303338472e-05,-0.0064754962606391,0.0015673237568297,-0.0049081725038094,-226.8668287541289,54.91065951258396,-171.95616924154498,-228.47513372976485,53.951569899782854,-174.52356382998204,2.567394588437054,248,True,True,"a,b,c",-226.8668287541289,54.91065951258396,-171.95616924154498,,False
TP,25,440-310,0.02-1.27,thin high cloud,0.0314415432684023,-0.5717498994378272,1.1635455948540516,0.5917956954162246,-18.184536762621796,37.00663116060758,18.822094397985794,-18.13568678762643,36.90082243164604,18.765135644019615,0.0569587539661782,248,True,True,"a,b,c",-18.184536762621796,37.00663116060758,18.822094397985794,,False
TP,26,440-310,1.27-3.55,thin high cloud,0.0144498637267655,-0.7929137093109135,0.9457299541414068,0.1528162448304934,-54.87343855307073,65.4490569616673,10.575618408596576,-54.950557896190304,65.28393769597882,10.333379799788515,0.2422386088080621,248,True,True,"a,b,c",-54.87343855307073,65.4490569616673,10.575618408596576,,False
TP,27,440-310,3.55-9.38,thick anvil cloud,0.0122756926057512,-1.3336105326806984,0.945611162545715,-0.3879993701349832,-108.6383127625638,77.03118617540876,-31.607126587155015,-108.65486868195237,77.04636234470325,-31.608506337249107,0.0013797500940917,248,True,True,"a,b,c",-108.6383127625638,77.03118617540876,-31.607126587155015,,False
TP,28,440-310,9.38-22.63,thick anvil cloud,0.0083203825647404,-1.2727318599781494,0.6795141822395805,-0.5932176777385688,-152.9655457636829,81.66862244041305,-71.29692332326987,-152.83295991845296,81.71881048287383,-71.11414943557914,-0.182773887690729,248,True,True,"a,b,c",-152.9655457636829,81.66862244041305,-71.29692332326987,,False
TP,29,440-310,22.63-60.36,deep convective cloud,0.0019891686475257,-0.3789151268104428,0.1641402318487088,-0.214774894961734,-190.4891911913818,82.5170012873836,-107.9721899039982,-190.31724161564773,82.40666063143917,-107.91058098420854,-0.0616089197896769,248,True,True,"a,b,c",-190.4891911913818,82.5170012873836,-107.9721899039982,,False
TP,30,440-310,60.36-378.65,deep convective cloud,0.0001242810539913,-0.0285228338688822,0.0107576796937388,-0.0177651541751433,-229.50267118643563,86.55928919372505,-142.94338199271056,-230.62699421203624,86.46407475549415,-144.16291945654208,1.2195374638315286,248,True,True,"a,b,c",-229.50267118643563,86.55928919372505,-142.94338199271056,,False
TP,31,310-180,0.02-1.27,thin high cloud,0.044312819676923,-0.6677549450432343,1.3172949011084627,0.6495399560652285,-15.06911430849397,29.727174003203302,14.658059694709335,-15.100704350122678,29.73227141506894,14.631567064946264,0.0264926297630712,248,True,True,"a,b,c",-15.06911430849397,29.727174003203302,14.658059694709335,,False
TP,32,310-180,1.27-3.55,thin high cloud,0.0444543977453502,-2.914893178522935,3.6993588815087866,0.7844657029858516,-65.57041207082423,83.216938461296,17.646526390471767,-65.63163185159922,83.1796419234582,17.548010071858975,0.0985163186127913,248,True,True,"a,b,c",-65.57041207082423,83.216938461296,17.646526390471767,,False
TP,33,310-180,3.55-9.38,thick anvil cloud,0.0436134164857702,-5.05637857521119,4.777492078200187,-0.2788864970110036,-115.93631003113322,109.5417984454152,-6.394511585718038,-115.9396661300108,109.49836456932856,-6.441301560682253,0.0467899749642146,248,True,True,"a,b,c",-115.93631003113322,109.5417984454152,-6.394511585718038,,False
TP,34,310-180,9.38-22.63,thick anvil cloud,0.0294665129963887,-4.981431995962566,3.673563187760351,-1.3078688082022147,-169.05400366080167,124.6690841298582,-44.38491953094345,-169.06638104417345,124.67508402705715,-44.39129701711625,0.006377486172802,248,True,True,"a,b,c",-169.05400366080167,124.6690841298582,-44.38491953094345,,False
TP,35,310-180,22.63-60.36,deep convective cloud,0.0161403290062877,-3.379887455912193,2.1548238168265055,-1.2250636390856882,-209.4063543931162,133.5055695572904,-75.90078483582586,-209.4316599346623,133.5020063900884,-75.92965354457388,0.0288687087480212,248,True,True,"a,b,c",-209.4063543931162,133.5055695572904,-75.90078483582586,,False
TP,36,310-180,60.36-378.65,deep convective cloud,0.0033063831211726,-0.7956407027382342,0.4653476995564814,-0.3302930031817527,-240.6377826100346,140.7422196709735,-99.89556293906112,-240.65841271607488,140.6870290821378,-99.97138363393708,0.0758206948759578,248,True,True,"a,b,c",-240.6377826100346,140.7422196709735,-99.89556293906112,,False
TP,37,180-10,0.02-1.27,thin high cloud,0.0119869362207481,4.45741086195657e-05,0.088306881531965,0.0883514556405846,0.003718557252554,7.366926786438981,7.370645343691535,-0.2031141183864827,7.7952692510470065,7.592155132660524,-0.2215097889689889,248,True,True,"a,b,c",0.003718557252554,7.366926786438981,7.370645343691535,,False
TP,38,180-10,1.27-3.55,thin high cloud,0.0023005431011016,-0.1534914067645041,0.2421379997275966,0.0886465929630925,-66.71963967595457,105.25253780798413,38.53289813202953,-66.39091269533982,105.32561616032008,38.93470346498027,-0.4018053329507367,248,True,True,"a,b,c",-66.71963967595457,105.25253780798413,38.53289813202953,,False
TP,39,180-10,3.55-9.38,thick anvil cloud,0.0012953096620323,-0.1480916613161115,0.1774700081408712,0.0293783468247597,-114.32915669273537,137.00971539301145,22.68055870027611,-114.02302187000784,136.83213317931745,22.8091113093096,-0.1285526090334912,248,True,True,"a,b,c",-114.32915669273537,137.00971539301145,22.68055870027611,,False
TP,40,180-10,9.38-22.63,thick anvil cloud,0.0032579593316671,-0.6078490124502286,0.5162046176646434,-0.0916443947855852,-186.57354207647035,158.44415633036604,-28.12938574610431,-186.051590545612,158.35994643432093,-27.691644111291033,-0.4377416348132783,248,True,True,"a,b,c",-186.57354207647035,158.44415633036604,-28.12938574610431,,False
TP,41,180-10,22.63-60.36,deep convective cloud,0.0071468529478443,-1.6045850595737834,1.152082855554218,-0.4525022040195655,-224.5163110649642,161.20142165534668,-63.314889409617535,-224.3181786722174,161.13364076834102,-63.18453790387637,-0.1303515057411672,248,True,True,"a,b,c",-224.5163110649642,161.20142165534668,-63.314889409617535,,False
TP,42,180-10,60.36-378.65,deep convective cloud,0.0075844731986642,-1.9155935718779011,1.2588129487797743,-0.6567806230981269,-252.56778179600937,165.97236430362491,-86.59541749238443,-252.70565624446297,165.84780478812192,-86.85785145634104,0.2624339639566102,248,True,True,"a,b,c",-252.56778179600937,165.97236430362491,-86.59541749238443,,False
WP,1,1000-800,0.02-1.27,low cloud,0.0215630013995256,-0.1774085304257308,-0.0814972188925725,-0.2589057493183034,-8.22745067528649,-3.779493280298417,-12.006943955584909,-8.187827510818687,-3.846315881885016,-12.034143392703704,0.0271994371187958,248,True,True,d,,,,-12.006943955584909,False
WP,2,1000-800,1.27-3.55,low cloud,0.0341460450698654,-1.0188771171477873,-0.0348302172180556,-1.0537073343658432,-29.83880314874201,-1.0200366439741506,-30.858839792716164,-29.884173367076837,-1.18164574686337,-31.06581911394021,0.2069793212240469,248,True,True,d,,,,-30.858839792716164,False
WP,3,1000-800,3.55-9.38,low cloud,0.0114489935057782,-0.7392671010978112,0.0043925639734823,-0.7348745371243288,-64.57048829005869,0.3836637667114935,-64.18682452334718,-65.08033027438745,-0.2100317478462655,-65.29036202223371,1.1035374988865243,248,True,True,d,,,,-64.18682452334718,False
WP,4,1000-800,9.38-22.63,low cloud,0.001125512231878,-0.1099850266884061,0.0037081261608189,-0.1062769005275871,-97.71997457982944,3.2946120493347957,-94.42536253049464,-103.08976925011328,2.5188019873433336,-100.57096726276995,6.1456047322753165,248,True,True,d,,,,-94.42536253049464,False
WP,5,1000-800,22.63-60.36,low cloud,5.978563903386322e-05,-0.0078471553877547,0.0003104780308162,-0.0075366773569385,-131.25485508836013,5.193187458284996,-126.06166763007514,-142.38458221858886,4.539614097281954,-137.84496812130692,11.783300491231785,243,True,True,d,,,,-126.06166763007514,False
WP,6,1000-800,60.36-378.65,low cloud,2.162978298516821e-07,-3.690730821931683e-05,2.0844656674578986e-06,-3.482284255185893e-05,-170.6318932770828,9.6370160943697,-160.9948771827131,-196.97805556226663,6.781580907741548,-190.19647465452505,29.201597471811937,49,True,True,d,,,,-160.9948771827131,False
WP,7,800-680,0.02-1.27,low cloud,0.0132365490684659,-0.1685257971653502,0.07290088652606,-0.0956249106392902,-12.7318530149854,5.507544764800918,-7.224308250184481,-12.742300541444935,5.515835765722824,-7.226464775722115,0.0021565255376341,248,True,True,d,,,,-7.224308250184481,False
WP,8,800-680,1.27-3.55,low cloud,0.0339762805330586,-1.224291123254167,0.3636015896848901,-0.8606895335692765,-36.0337006890128,10.701630195545068,-25.33207049346774,-36.0250987123768,10.709581810068585,-25.315516902308225,-0.0165535911595142,248,True,True,d,,,,-25.33207049346774,False
WP,9,800-680,3.55-9.38,low cloud,0.021890303657732,-1.580669531934395,0.2430855886283562,-1.3375839433060384,-72.20866172754396,11.104715239639608,-61.10394648790433,-72.32172898672782,11.057075319073473,-61.26465366765433,0.1607071797499983,248,True,True,d,,,,-61.10394648790433,False
WP,10,800-680,9.38-22.63,low cloud,0.0056130828620451,-0.6041010220498425,0.0674370047761153,-0.5366640172737271,-107.6237491761761,12.01425427586581,-95.60949490031028,-109.633716944349,11.709415578707905,-97.92430136564109,2.314806465330804,248,True,True,d,,,,-95.60949490031028,False
WP,11,800-680,22.63-60.36,low cloud,0.000470943246956,-0.0670717378774633,0.0063644614396145,-0.0607072764378488,-142.4200013716847,13.51428538523822,-128.90571598644647,-147.02559049311287,13.589949107306444,-133.4356413858064,4.529925399359939,248,True,True,d,,,,-128.90571598644647,False
WP,12,800-680,60.36-378.65,low cloud,3.141663255709167e-06,-0.0005811121336537,5.863682512194812e-05,-0.0005224753085317,-184.96958023673977,18.664261682212672,-166.30531855452705,-206.64668547749187,15.613753934079307,-191.03293154341256,24.72761298888551,241,True,True,d,,,,-166.30531855452705,False
WP,13,680-560,0.02-1.27,mid-level cloud,0.0202516958616189,-0.2923839454407847,0.2576672896259537,-0.034716655814831,-14.437504268218389,12.723245074714203,-1.7142591935041862,-14.393787308286893,12.754992308588616,-1.6387949996982756,-0.0754641938059106,248,True,True,d,,,,-1.7142591935041862,False
WP,14,680-560,1.27-3.55,mid-level cloud,0.028104782200225,-1.0718310229128216,0.6891152174625229,-0.3827158054502987,-38.136962431405635,24.5195003666317,-13.617462064773934,-38.17248633144358,24.569622048749014,-13.60286428269456,-0.0145977820793721,248,True,True,d,,,,-13.617462064773934,False
WP,15,680-560,3.55-9.38,mid-level cloud,0.0188261551975786,-1.3696681026715456,0.5504824844704677,-0.8191856182010778,-72.75346921859577,29.24030311517183,-43.51316610342393,-72.77136049874827,29.293909358748454,-43.477451139999786,-0.0357149634241409,248,True,True,d,,,,-43.51316610342393,False
WP,16,680-560,9.38-22.63,mid-level cloud,0.0053948679070945,-0.6123135365727264,0.1509715491255563,-0.46134198744717,-113.49926395185769,27.984290204218222,-85.51497374763944,-114.23778046306435,27.953507311601037,-86.28427315146332,0.7692994038238794,248,True,True,d,,,,-85.51497374763944,False
WP,17,680-560,22.63-60.36,mid-level cloud,0.0006899405630145,-0.1061341640130891,0.0192609550716981,-0.0868732089413909,-153.83088008243058,27.91683241168296,-125.9140476707476,-156.02962238906747,27.7702499116838,-128.25937247738366,2.3453248066360715,248,True,True,d,,,,-125.9140476707476,False
WP,18,680-560,60.36-378.65,mid-level cloud,1.358500722599569e-05,-0.0029082052627056,0.0004031958620243,-0.0025050094006812,-214.074620228438,29.679473504647262,-184.3951467237907,-218.5081872047783,28.923619287479053,-189.58456791729927,5.189421193508565,248,True,True,d,,,,-184.3951467237907,False
WP,19,560-440,0.02-1.27,mid-level cloud,0.012942010567452,-0.1386517135462019,0.2269328250568095,0.0882811115106076,-10.713305542718198,17.53458814409592,6.821282601377728,-10.612481989659408,17.43335034619469,6.820868356535284,0.0004142448424442,248,True,True,d,,,,6.821282601377728,False
WP,20,560-440,1.27-3.55,mid-level cloud,0.0101665817013898,-0.4500189864913366,0.4278346558513348,-0.0221843306400018,-44.26453253504227,42.08244898999301,-2.182083545049273,-44.42270165421238,42.22631999862839,-2.1963816555839824,0.0142981105347095,248,True,True,d,,,,-2.182083545049273,False
WP,21,560-440,3.55-9.38,mid-level cloud,0.0161936918434504,-1.2961233123012057,0.7673259172806253,-0.5287973950205801,-80.03877836081125,47.38424842825276,-32.65452993255849,-80.24425648646412,47.637533561221424,-32.60672292524269,-0.0478070073157965,248,True,True,d,,,,-32.65452993255849,False
WP,22,560-440,9.38-22.63,mid-level cloud,0.0058029115644322,-0.7185177519096916,0.2729724197569149,-0.4455453321527767,-123.82021403078136,47.04059621208866,-76.77961781869273,-124.57662558851838,47.26004852259104,-77.31657706592736,0.5369592472346341,248,True,True,d,,,,-76.77961781869273,False
WP,23,560-440,22.63-60.36,mid-level cloud,0.0008435030981338,-0.1380928013607934,0.0392045631268438,-0.0988882382339495,-163.71344890884606,46.478268086481435,-117.23518082236464,-165.85865500226382,46.33652932765086,-119.52212567461298,2.2869448522483538,248,True,True,d,,,,-117.23518082236464,False
WP,24,560-440,60.36-378.65,mid-level cloud,2.3582594351109153e-05,-0.0052650437751505,0.0011217001655774,-0.004143343609573,-223.25973541171987,47.56474834265623,-175.69498706906367,-225.52358732814685,46.45805560985682,-179.06553171829,3.370544649226332,248,True,True,d,,,,-175.69498706906367,False
WP,25,440-310,0.02-1.27,thin high cloud,0.0544660775262936,-1.0023977759521028,1.980921861091022,0.9785240851389192,-18.404075003715704,36.3698278095155,17.96575280579979,-18.29678153238415,36.18387453194024,17.887092999556092,0.0786598062436993,248,True,True,d,,,,17.96575280579979,False
WP,26,440-310,1.27-3.55,thin high cloud,0.0247303450116391,-1.317885425226455,1.569296633193639,0.2514112079671846,-53.29021591110847,63.45631783361943,10.166101922510975,-53.56013366574586,63.33102220869431,9.77088854294845,0.3952133795625272,248,True,True,d,,,,10.166101922510975,False
WP,27,440-310,3.55-9.38,thick anvil cloud,0.0174152847756537,-1.8054748066868376,1.2651131921712098,-0.5403616145156277,-103.67185090253916,72.64384180153137,-31.028009101007804,-103.9364172096454,72.88912349545583,-31.04729371418956,0.0192846131817567,248,True,True,d,,,,-31.028009101007804,False
WP,28,440-310,9.38-22.63,thick anvil cloud,0.0099614101296264,-1.470909040815056,0.7702039624400216,-0.700705078375034,-147.66072490484007,77.31876836888206,-70.34195653595798,-147.90995944319528,77.70281271885031,-70.20714672434497,-0.1348098116130103,248,True,True,d,,,,-70.34195653595798,False
WP,29,440-310,22.63-60.36,deep convective cloud,0.0018506732953597,-0.3438588848934448,0.145677414951359,-0.1981814699420858,-185.8020460745882,78.71590048693058,-107.08614558765764,-186.51518492442003,79.21024055012664,-107.3049443742934,0.218798786635773,248,True,True,d,,,,-107.08614558765764,False
WP,30,440-310,60.36-378.65,deep convective cloud,9.534274702991287e-05,-0.021763698819014,0.0079040632391204,-0.0138596355798935,-228.2680067125177,82.9015681354416,-145.3664385770761,-229.21388069665744,83.52257838495161,-145.6913023117058,0.3248637346297016,248,True,True,d,,,,-145.3664385770761,False
WP,31,310-180,0.02-1.27,thin high cloud,0.0711193568016528,-1.0903040669957071,2.0727697125143636,0.9824656455186568,-15.330623279348456,29.14494457950712,13.814321300158674,-15.29883878226748,29.156373709516693,13.857534927249214,-0.0432136270905392,248,True,True,d,,,,13.814321300158674,False
WP,32,310-180,1.27-3.55,thin high cloud,0.0764744727719908,-4.990120279300723,6.252902687128521,1.2627824078277992,-65.25210437447274,81.76457398760483,16.51246961313212,-65.26713026411099,81.73230331648807,16.46517305237709,0.0472965607550293,248,True,True,d,,,,16.51246961313212,False
WP,33,310-180,3.55-9.38,thick anvil cloud,0.0757565285552149,-8.692506780879397,8.173360896077204,-0.5191458848021919,-114.74267560377837,107.88985519736528,-6.85282040641308,-114.64796262489298,107.88287531955046,-6.765087305342514,-0.0877331010705662,248,True,True,d,,,,-6.85282040641308,False
WP,34,310-180,9.38-22.63,thick anvil cloud,0.0477828987140417,-7.965261342560222,5.882623269799798,-2.0826380727604232,-166.6969053139403,123.111477706795,-43.58542760714528,-166.5372218035071,123.25529747722824,-43.28192432627887,-0.3035032808664155,248,True,True,d,,,,-43.58542760714528,False
WP,35,310-180,22.63-60.36,deep convective cloud,0.0226406624853892,-4.693802736604669,2.99856698667241,-1.695235749932258,-207.31737596608448,132.44166280944657,-74.87571315663789,-207.2339803843003,132.6643144669817,-74.56966591731855,-0.3060472393193407,248,True,True,d,,,,-74.87571315663789,False
WP,36,310-180,60.36-378.65,deep convective cloud,0.0037162879034469,-0.890876368584351,0.5167302428323076,-0.3741461257520433,-239.72210757891875,139.04472857256926,-100.67737900634948,-239.6301944636622,139.3374596957841,-100.29273476787807,-0.3846442384713953,248,True,True,d,,,,-100.67737900634948,False
WP,37,180-10,0.02-1.27,thin high cloud,0.0146242506084442,0.0193356331200168,0.0923758068892902,0.111711440009307,1.3221623204988202,6.316618154502317,7.638780475001137,0.9833088702665004,6.79319396254693,7.77650283281343,-0.1377223578122928,248,True,True,d,,,,7.638780475001137,False
WP,38,180-10,1.27-3.55,thin high cloud,0.0041610263193061,-0.2769744036779872,0.4263660977531942,0.1493916940752069,-66.56396341279923,102.46657075322072,35.90260734042149,-65.95804880997967,102.494977097938,36.536928287958325,-0.6343209475368354,248,True,True,d,,,,35.90260734042149,False
WP,39,180-10,3.55-9.38,thick anvil cloud,0.0029288158690156,-0.3337193416897732,0.394677869023545,0.0609585273337719,-113.94343537271638,134.75680502789348,20.81336965517713,-113.8211105610646,134.90780594737492,21.086695386310332,-0.2733257311332018,248,True,True,d,,,,20.81336965517713,False
WP,40,180-10,9.38-22.63,thick anvil cloud,0.007342969950216,-1.356188234088513,1.1533679824016232,-0.2028202516868898,-184.69205829292753,157.0710475762865,-27.621010716641024,-184.17134620202185,157.17766989664224,-26.9936763053796,-0.6273344112614261,248,True,True,d,,,,-27.621010716641024,False
WP,41,180-10,22.63-60.36,deep convective cloud,0.0139924880330903,-3.113368592119602,2.241485806932668,-0.871882785186934,-222.502859016702,160.1920831829085,-62.31077583379352,-222.19642479833772,160.29386543033937,-61.90255936799836,-0.4082164657951637,248,True,True,d,,,,-62.31077583379352,False
WP,42,180-10,60.36-378.65,deep convective cloud,0.0123343561952697,-3.098443276264408,2.0447452013160428,-1.053698074948365,-251.20429694195735,165.7764028332675,-85.42789410868988,-250.85698500441237,165.7290402405428,-85.1279447638696,-0.299949344820277,248,True,True,d,,,,-85.42789410868988,False
