date,year,month,nino34_sst,nino34_anom,nino34_anom_std_1981_2010,nino34_anom_std_1991_2020,oni_3mon,season
2002-07-15,2002,7,28.030000,0.740000,0.817675,0.842411,0.776667,JJA
2002-08-15,2002,8,27.720000,0.870000,0.961321,0.990402,0.900000,JJA
2002-09-15,2002,9,27.810000,1.090000,1.204413,1.240848,1.070000,SON
2002-10-15,2002,10,27.960000,1.250000,1.381208,1.422991,1.270000,SON
2002-11-15,2002,11,28.170000,1.470000,1.624300,1.673437,1.363333,SON
2002-12-15,2002,12,27.970000,1.370000,1.513804,1.559598,1.146667,DJF
2003-01-15,2003,1,27.150000,0.600000,0.662980,0.683036,0.870000,DJF
2003-02-15,2003,2,27.390000,0.640000,0.707178,0.728571,0.533333,DJF
2003-03-15,2003,3,27.650000,0.360000,0.397788,0.409821,0.286667,MAM
2003-04-15,2003,4,27.680000,-0.140000,-0.154695,-0.159375,-0.130000,MAM
2003-05-15,2003,5,27.320000,-0.610000,-0.674029,-0.694420,-0.346667,MAM
2003-06-15,2003,6,27.440000,-0.290000,-0.320440,-0.330134,-0.230000,JJA
2003-07-15,2003,7,27.500000,0.210000,0.232043,0.239062,0.060000,JJA
2003-08-15,2003,8,27.110000,0.260000,0.287291,0.295982,0.246667,JJA
2003-09-15,2003,9,26.990000,0.270000,0.298341,0.307366,0.316667,SON
2003-10-15,2003,10,27.140000,0.420000,0.464086,0.478125,0.340000,SON
2003-11-15,2003,11,27.040000,0.330000,0.364639,0.375670,0.393333,SON
2003-12-15,2003,12,27.030000,0.430000,0.475135,0.489509,0.343333,DJF
2004-01-15,2004,1,26.810000,0.270000,0.298341,0.307366,0.310000,DJF
2004-02-15,2004,2,26.980000,0.230000,0.254142,0.261830,0.206667,DJF
2004-03-15,2004,3,27.400000,0.120000,0.132596,0.136607,0.140000,MAM
2004-04-15,2004,4,27.890000,0.070000,0.077348,0.079687,0.083333,MAM
2004-05-15,2004,5,28.000000,0.060000,0.066298,0.068304,0.086667,MAM
2004-06-15,2004,6,27.860000,0.130000,0.143646,0.147991,0.226667,JJA
2004-07-15,2004,7,27.780000,0.490000,0.541433,0.557812,0.460000,JJA
2004-08-15,2004,8,27.620000,0.760000,0.839774,0.865178,0.686667,JJA
2004-09-15,2004,9,27.530000,0.810000,0.895023,0.922098,0.766667,SON
2004-10-15,2004,10,27.440000,0.730000,0.806625,0.831027,0.733333,SON
2004-11-15,2004,11,27.360000,0.660000,0.729278,0.751339,0.710000,SON
2004-12-15,2004,12,27.340000,0.740000,0.817675,0.842411,0.686667,DJF
2005-01-15,2005,1,27.210000,0.660000,0.729278,0.751339,0.586667,DJF
2005-02-15,2005,2,27.110000,0.360000,0.397788,0.409821,0.490000,DJF
2005-03-15,2005,3,27.730000,0.450000,0.497235,0.512277,0.356667,MAM
2005-04-15,2005,4,28.080000,0.260000,0.287291,0.295982,0.336667,MAM
2005-05-15,2005,5,28.240000,0.300000,0.331490,0.341518,0.200000,MAM
2005-06-15,2005,6,27.770000,0.040000,0.044199,0.045536,0.036667,JJA
2005-07-15,2005,7,27.060000,-0.230000,-0.254142,-0.261830,-0.080000,JJA
2005-08-15,2005,8,26.800000,-0.050000,-0.055248,-0.056920,-0.106667,JJA
2005-09-15,2005,9,26.680000,-0.040000,-0.044199,-0.045536,-0.050000,SON
2005-10-15,2005,10,26.650000,-0.060000,-0.066298,-0.068304,-0.230000,SON
2005-11-15,2005,11,26.110000,-0.590000,-0.651930,-0.671652,-0.523333,SON
2005-12-15,2005,12,25.680000,-0.920000,-1.016569,-1.047321,-0.806667,DJF
2006-01-15,2006,1,25.630000,-0.910000,-1.005519,-1.035937,-0.833333,DJF
2006-02-15,2006,2,26.080000,-0.670000,-0.740327,-0.762723,-0.763333,DJF
2006-03-15,2006,3,26.570000,-0.710000,-0.784526,-0.808259,-0.566667,MAM
2006-04-15,2006,4,27.500000,-0.320000,-0.353589,-0.364286,-0.373333,MAM
2006-05-15,2006,5,27.850000,-0.090000,-0.099447,-0.102455,-0.136667,MAM
2006-06-15,2006,6,27.730000,0.000000,0.000000,0.000000,-0.026667,JJA
2006-07-15,2006,7,27.300000,0.010000,0.011050,0.011384,0.106667,JJA
2006-08-15,2006,8,27.160000,0.310000,0.342540,0.352902,0.306667,JJA
2006-09-15,2006,9,27.320000,0.600000,0.662980,0.683036,0.536667,SON
2006-10-15,2006,10,27.410000,0.700000,0.773476,0.796875,0.763333,SON
2006-11-15,2006,11,27.690000,0.990000,1.093917,1.127009,0.943333,SON
2006-12-15,2006,12,27.740000,1.140000,1.259662,1.297768,0.943333,DJF
2007-01-15,2007,1,27.240000,0.700000,0.773476,0.796875,0.656667,DJF
2007-02-15,2007,2,26.880000,0.130000,0.143646,0.147991,0.216667,DJF
2007-03-15,2007,3,27.100000,-0.180000,-0.198894,-0.204911,-0.123333,MAM
2007-04-15,2007,4,27.500000,-0.320000,-0.353589,-0.364286,-0.323333,MAM
2007-05-15,2007,5,27.460000,-0.470000,-0.519334,-0.535045,-0.380000,MAM
2007-06-15,2007,6,27.370000,-0.350000,-0.386738,-0.398437,-0.470000,JJA
2007-07-15,2007,7,26.710000,-0.590000,-0.651930,-0.671652,-0.553333,JJA
2007-08-15,2007,8,26.140000,-0.720000,-0.795576,-0.819643,-0.806667,JJA
2007-09-15,2007,9,25.610000,-1.110000,-1.226513,-1.263616,-1.073333,SON
2007-10-15,2007,10,25.320000,-1.390000,-1.535903,-1.582366,-1.346667,SON
2007-11-15,2007,11,25.170000,-1.540000,-1.701648,-1.753125,-1.503333,SON
2007-12-15,2007,12,25.010000,-1.580000,-1.745847,-1.798660,-1.600000,DJF
2008-01-15,2008,1,24.860000,-1.680000,-1.856343,-1.912500,-1.643333,DJF
2008-02-15,2008,2,25.080000,-1.670000,-1.845294,-1.901116,-1.520000,DJF
2008-03-15,2008,3,26.070000,-1.210000,-1.337009,-1.377455,-1.290000,MAM
2008-04-15,2008,4,26.830000,-0.990000,-1.093917,-1.127009,-1.013333,MAM
2008-05-15,2008,5,27.090000,-0.840000,-0.928172,-0.956250,-0.836667,MAM
2008-06-15,2008,6,27.040000,-0.680000,-0.751377,-0.774107,-0.606667,JJA
2008-07-15,2008,7,26.990000,-0.300000,-0.331490,-0.341518,-0.370000,JJA
2008-08-15,2008,8,26.720000,-0.130000,-0.143646,-0.147991,-0.226667,JJA
2008-09-15,2008,9,26.470000,-0.250000,-0.276242,-0.284598,-0.243333,SON
2008-10-15,2008,10,26.370000,-0.350000,-0.386738,-0.398437,-0.353333,SON
2008-11-15,2008,11,26.250000,-0.460000,-0.508284,-0.523661,-0.556667,SON
2008-12-15,2008,12,25.740000,-0.860000,-0.950271,-0.979018,-0.736667,DJF
2009-01-15,2009,1,25.660000,-0.890000,-0.983420,-1.013169,-0.846667,DJF
2009-02-15,2009,2,25.960000,-0.790000,-0.872923,-0.899330,-0.790000,DJF
2009-03-15,2009,3,26.590000,-0.690000,-0.762427,-0.785491,-0.610000,MAM
2009-04-15,2009,4,27.470000,-0.350000,-0.386738,-0.398437,-0.326667,MAM
2009-05-15,2009,5,27.990000,0.060000,0.066298,0.068304,0.006667,MAM
2009-06-15,2009,6,28.040000,0.310000,0.342540,0.352902,0.283333,JJA
2009-07-15,2009,7,27.780000,0.480000,0.530384,0.546428,0.450000,JJA
2009-08-15,2009,8,27.420000,0.560000,0.618781,0.637500,0.573333,JJA
2009-09-15,2009,9,27.400000,0.680000,0.751377,0.774107,0.710000,SON
2009-10-15,2009,10,27.600000,0.890000,0.983420,1.013169,1.010000,SON
2009-11-15,2009,11,28.160000,1.460000,1.613251,1.662053,1.363333,SON
2009-12-15,2009,12,28.340000,1.740000,1.922641,1.980803,1.573333,DJF
2010-01-15,2010,1,28.070000,1.520000,1.679549,1.730357,1.503333,DJF
2010-02-15,2010,2,28.010000,1.250000,1.381208,1.422991,1.223333,DJF
2010-03-15,2010,3,28.180000,0.900000,0.994470,1.024553,0.843333,MAM
2010-04-15,2010,4,28.200000,0.380000,0.419887,0.432589,0.353333,MAM
2010-05-15,2010,5,27.710000,-0.220000,-0.243093,-0.250446,-0.176667,MAM
2010-06-15,2010,6,27.040000,-0.690000,-0.762427,-0.785491,-0.660000,JJA
2010-07-15,2010,7,26.220000,-1.070000,-1.182314,-1.218080,-1.050000,JJA
2010-08-15,2010,8,25.470000,-1.390000,-1.535903,-1.582366,-1.353333,JJA
2010-09-15,2010,9,25.120000,-1.600000,-1.767946,-1.821428,-1.560000,SON
2010-10-15,2010,10,25.030000,-1.690000,-1.867393,-1.923884,-1.643333,SON
2010-11-15,2010,11,25.060000,-1.640000,-1.812145,-1.866964,-1.643333,SON
2010-12-15,2010,12,25.000000,-1.600000,-1.767946,-1.821428,-1.593333,DJF
2011-01-15,2011,1,25.000000,-1.540000,-1.701648,-1.753125,-1.416667,DJF
2011-02-15,2011,2,25.640000,-1.110000,-1.226513,-1.263616,-1.193333,DJF
2011-03-15,2011,3,26.360000,-0.930000,-1.027619,-1.058705,-0.936667,MAM
2011-04-15,2011,4,27.050000,-0.770000,-0.850824,-0.876562,-0.740000,MAM
2011-05-15,2011,5,27.410000,-0.520000,-0.574582,-0.591964,-0.556667,MAM
2011-06-15,2011,6,27.350000,-0.380000,-0.419887,-0.432589,-0.443333,JJA
2011-07-15,2011,7,26.870000,-0.430000,-0.475135,-0.489509,-0.486667,JJA
2011-08-15,2011,8,26.210000,-0.650000,-0.718228,-0.739955,-0.626667,JJA
2011-09-15,2011,9,25.920000,-0.800000,-0.883973,-0.910714,-0.833333,SON
2011-10-15,2011,10,25.670000,-1.050000,-1.160215,-1.195312,-1.013333,SON
2011-11-15,2011,11,25.520000,-1.190000,-1.314910,-1.354687,-1.100000,SON
2011-12-15,2011,12,25.540000,-1.060000,-1.171264,-1.206696,-1.040000,DJF
2012-01-15,2012,1,25.670000,-0.870000,-0.961321,-0.990402,-0.866667,DJF
2012-02-15,2012,2,26.080000,-0.670000,-0.740327,-0.762723,-0.716667,DJF
2012-03-15,2012,3,26.670000,-0.610000,-0.674029,-0.694420,-0.593333,MAM
2012-04-15,2012,4,27.320000,-0.500000,-0.552483,-0.569196,-0.476667,MAM
2012-05-15,2012,5,27.610000,-0.320000,-0.353589,-0.364286,-0.266667,MAM
2012-06-15,2012,6,27.750000,0.020000,0.022099,0.022768,-0.016667,JJA
2012-07-15,2012,7,27.540000,0.250000,0.276242,0.284598,0.246667,JJA
2012-08-15,2012,8,27.320000,0.470000,0.519334,0.535045,0.366667,JJA
2012-09-15,2012,9,27.100000,0.380000,0.419887,0.432589,0.370000,SON
2012-10-15,2012,10,26.980000,0.260000,0.287291,0.295982,0.266667,SON
2012-11-15,2012,11,26.860000,0.160000,0.176795,0.182143,0.056667,SON
2012-12-15,2012,12,26.340000,-0.250000,-0.276242,-0.284598,-0.206667,DJF
2013-01-15,2013,1,26.010000,-0.530000,-0.585632,-0.603348,-0.433333,DJF
2013-02-15,2013,2,26.240000,-0.520000,-0.574582,-0.591964,-0.433333,DJF
2013-03-15,2013,3,27.030000,-0.250000,-0.276242,-0.284598,-0.340000,MAM
2013-04-15,2013,4,27.570000,-0.250000,-0.276242,-0.284598,-0.300000,MAM
2013-05-15,2013,5,27.530000,-0.400000,-0.441987,-0.455357,-0.356667,MAM
2013-06-15,2013,6,27.300000,-0.420000,-0.464086,-0.478125,-0.403333,JJA
2013-07-15,2013,7,26.910000,-0.390000,-0.430937,-0.443973,-0.396667,JJA
2013-08-15,2013,8,26.470000,-0.380000,-0.419887,-0.432589,-0.316667,JJA
2013-09-15,2013,9,26.540000,-0.180000,-0.198894,-0.204911,-0.253333,SON
2013-10-15,2013,10,26.520000,-0.200000,-0.220993,-0.227679,-0.173333,SON
2013-11-15,2013,11,26.560000,-0.140000,-0.154695,-0.159375,-0.170000,SON
2013-12-15,2013,12,26.430000,-0.170000,-0.187844,-0.193527,-0.266667,DJF
2014-01-15,2014,1,26.050000,-0.490000,-0.541433,-0.557812,-0.426667,DJF
2014-02-15,2014,2,26.140000,-0.620000,-0.685079,-0.705803,-0.463333,DJF
2014-03-15,2014,3,27.000000,-0.280000,-0.309391,-0.318750,-0.273333,MAM
2014-04-15,2014,4,27.900000,0.080000,0.088397,0.091071,0.040000,MAM
2014-05-15,2014,5,28.250000,0.320000,0.353589,0.364286,0.210000,MAM
2014-06-15,2014,6,27.960000,0.230000,0.254142,0.261830,0.163333,JJA
2014-07-15,2014,7,27.230000,-0.060000,-0.066298,-0.068304,0.046667,JJA
2014-08-15,2014,8,26.820000,-0.030000,-0.033149,-0.034152,0.066667,JJA
2014-09-15,2014,9,27.010000,0.290000,0.320440,0.330134,0.233333,SON
2014-10-15,2014,10,27.160000,0.440000,0.486185,0.500893,0.493333,SON
2014-11-15,2014,11,27.460000,0.750000,0.828725,0.853794,0.633333,SON
2014-12-15,2014,12,27.310000,0.710000,0.784526,0.808259,0.656667,DJF
2015-01-15,2015,1,27.050000,0.510000,0.563533,0.580580,0.546667,DJF
2015-02-15,2015,2,27.170000,0.420000,0.464086,0.478125,0.466667,DJF
2015-03-15,2015,3,27.750000,0.470000,0.519334,0.535045,0.530000,MAM
2015-04-15,2015,4,28.520000,0.700000,0.773476,0.796875,0.696667,MAM
2015-05-15,2015,5,28.850000,0.920000,1.016569,1.047321,0.933333,MAM
2015-06-15,2015,6,28.900000,1.180000,1.303860,1.343303,1.186667,JJA
2015-07-15,2015,7,28.750000,1.460000,1.613251,1.662053,1.523333,JJA
2015-08-15,2015,8,28.790000,1.930000,2.132585,2.197098,1.866667,JJA
2015-09-15,2015,9,28.930000,2.210000,2.441975,2.515848,2.166667,SON
2015-10-15,2015,10,29.080000,2.360000,2.607720,2.686607,2.430000,SON
2015-11-15,2015,11,29.420000,2.720000,3.005508,3.096428,2.580000,SON
2015-12-15,2015,12,29.260000,2.660000,2.939210,3.028124,2.650000,DJF
2016-01-15,2016,1,29.110000,2.570000,2.839763,2.925669,2.496667,DJF
2016-02-15,2016,2,29.010000,2.260000,2.497224,2.572767,2.150000,DJF
2016-03-15,2016,3,28.900000,1.620000,1.790045,1.844196,1.596667,MAM
2016-04-15,2016,4,28.720000,0.910000,1.005519,1.035937,0.943333,MAM
2016-05-15,2016,5,28.230000,0.300000,0.331490,0.341518,0.393333,MAM
2016-06-15,2016,6,27.690000,-0.030000,-0.033149,-0.034152,-0.070000,JJA
2016-07-15,2016,7,26.820000,-0.480000,-0.530384,-0.546428,-0.363333,JJA
2016-08-15,2016,8,26.280000,-0.580000,-0.640880,-0.660268,-0.546667,JJA
2016-09-15,2016,9,26.140000,-0.580000,-0.640880,-0.660268,-0.633333,SON
2016-10-15,2016,10,25.980000,-0.740000,-0.817675,-0.842411,-0.693333,SON
2016-11-15,2016,11,25.940000,-0.760000,-0.839774,-0.865178,-0.666667,SON
2016-12-15,2016,12,26.100000,-0.500000,-0.552483,-0.569196,-0.563333,DJF
2017-01-15,2017,1,26.120000,-0.430000,-0.475135,-0.489509,-0.336667,DJF
2017-02-15,2017,2,26.670000,-0.080000,-0.088397,-0.091071,-0.160000,DJF
2017-03-15,2017,3,27.320000,0.030000,0.033149,0.034152,0.056667,MAM
2017-04-15,2017,4,28.030000,0.220000,0.243093,0.250446,0.206667,MAM
2017-05-15,2017,5,28.300000,0.370000,0.408838,0.421205,0.310000,MAM
2017-06-15,2017,6,28.060000,0.340000,0.375689,0.387054,0.320000,JJA
2017-07-15,2017,7,27.540000,0.250000,0.276242,0.284598,0.143333,JJA
2017-08-15,2017,8,26.700000,-0.160000,-0.176795,-0.182143,-0.113333,JJA
2017-09-15,2017,9,26.290000,-0.430000,-0.475135,-0.489509,-0.383333,SON
2017-10-15,2017,10,26.150000,-0.560000,-0.618781,-0.637500,-0.653333,SON
2017-11-15,2017,11,25.740000,-0.970000,-1.071817,-1.104241,-0.836667,SON
2017-12-15,2017,12,25.620000,-0.980000,-1.082867,-1.115625,-0.976667,DJF
2018-01-15,2018,1,25.570000,-0.980000,-1.082867,-1.115625,-0.913333,DJF
2018-02-15,2018,2,25.970000,-0.780000,-0.861874,-0.887946,-0.853333,DJF
2018-03-15,2018,3,26.480000,-0.800000,-0.883973,-0.910714,-0.696667,MAM
2018-04-15,2018,4,27.310000,-0.510000,-0.563533,-0.580580,-0.503333,MAM
2018-05-15,2018,5,27.730000,-0.200000,-0.220993,-0.227679,-0.223333,MAM
2018-06-15,2018,6,27.770000,0.040000,0.044199,0.045536,-0.013333,JJA
2018-07-15,2018,7,27.420000,0.120000,0.132596,0.136607,0.083333,JJA
2018-08-15,2018,8,26.940000,0.090000,0.099447,0.102455,0.226667,JJA
2018-09-15,2018,9,27.190000,0.470000,0.519334,0.535045,0.486667,SON
2018-10-15,2018,10,27.620000,0.900000,0.994470,1.024553,0.756667,SON
2018-11-15,2018,11,27.610000,0.900000,0.994470,1.024553,0.896667,SON
2018-12-15,2018,12,27.490000,0.890000,0.983420,1.013169,0.813333,DJF
2019-01-15,2019,1,27.190000,0.650000,0.718228,0.739955,0.750000,DJF
2019-02-15,2019,2,27.460000,0.710000,0.784526,0.808259,0.723333,DJF
2019-03-15,2019,3,28.090000,0.810000,0.895023,0.922098,0.713333,MAM
2019-04-15,2019,4,28.440000,0.620000,0.685079,0.705803,0.660000,MAM
2019-05-15,2019,5,28.480000,0.550000,0.607731,0.626116,0.540000,MAM
2019-06-15,2019,6,28.180000,0.450000,0.497235,0.512277,0.450000,JJA
2019-07-15,2019,7,27.640000,0.350000,0.386738,0.398437,0.280000,JJA
2019-08-15,2019,8,26.900000,0.040000,0.044199,0.045536,0.140000,JJA
2019-09-15,2019,9,26.750000,0.030000,0.033149,0.034152,0.183333,SON
2019-10-15,2019,10,27.200000,0.480000,0.530384,0.546428,0.343333,SON
2019-11-15,2019,11,27.220000,0.520000,0.574582,0.591964,0.506667,SON
2019-12-15,2019,12,27.120000,0.520000,0.574582,0.591964,0.546667,DJF
2020-01-15,2020,1,27.150000,0.600000,0.662980,0.683036,0.496667,DJF
2020-02-15,2020,2,27.120000,0.370000,0.408838,0.421205,0.483333,DJF
2020-03-15,2020,3,27.760000,0.480000,0.530384,0.546428,0.403333,MAM
2020-04-15,2020,4,28.180000,0.360000,0.397788,0.409821,0.190000,MAM
2020-05-15,2020,5,27.660000,-0.270000,-0.298341,-0.307366,-0.083333,MAM
2020-06-15,2020,6,27.390000,-0.340000,-0.375689,-0.387054,-0.303333,JJA
2020-07-15,2020,7,26.990000,-0.300000,-0.331490,-0.341518,-0.410000,JJA
2020-08-15,2020,8,26.260000,-0.590000,-0.651930,-0.671652,-0.573333,JJA
2020-09-15,2020,9,25.890000,-0.830000,-0.917122,-0.944866,-0.893333,SON
2020-10-15,2020,10,25.460000,-1.260000,-1.392257,-1.434375,-1.170000,SON
2020-11-15,2020,11,25.280000,-1.420000,-1.569052,-1.616518,-1.276667,SON
2020-12-15,2020,12,25.440000,-1.150000,-1.270711,-1.309152,-1.190000,DJF
2021-01-15,2021,1,25.550000,-1.000000,-1.104966,-1.138393,-1.050000,DJF
2021-02-15,2021,2,25.750000,-1.000000,-1.104966,-1.138393,-0.933333,DJF
2021-03-15,2021,3,26.480000,-0.800000,-0.883973,-0.910714,-0.840000,MAM
2021-04-15,2021,4,27.100000,-0.720000,-0.795576,-0.819643,-0.660000,MAM
2021-05-15,2021,5,27.470000,-0.460000,-0.508284,-0.523661,-0.486667,MAM
2021-06-15,2021,6,27.450000,-0.280000,-0.309391,-0.318750,-0.376667,JJA
2021-07-15,2021,7,26.900000,-0.390000,-0.430937,-0.443973,-0.400000,JJA
2021-08-15,2021,8,26.320000,-0.530000,-0.585632,-0.603348,-0.490000,JJA
2021-09-15,2021,9,26.170000,-0.550000,-0.607731,-0.626116,-0.673333,SON
2021-10-15,2021,10,25.770000,-0.940000,-1.038668,-1.070089,-0.810000,SON
2021-11-15,2021,11,25.760000,-0.940000,-1.038668,-1.070089,-0.980000,SON
2021-12-15,2021,12,25.540000,-1.060000,-1.171264,-1.206696,-0.980000,DJF
2022-01-15,2022,1,25.600000,-0.940000,-1.038668,-1.070089,-0.963333,DJF
2022-02-15,2022,2,25.860000,-0.890000,-0.983420,-1.013169,-0.933333,DJF
2022-03-15,2022,3,26.310000,-0.970000,-1.071817,-1.104241,-0.990000,MAM
2022-04-15,2022,4,26.700000,-1.110000,-1.226513,-1.263616,-1.063333,MAM
2022-05-15,2022,5,26.820000,-1.110000,-1.226513,-1.263616,-0.990000,MAM
2022-06-15,2022,6,26.980000,-0.750000,-0.828725,-0.853794,-0.850000,JJA
2022-07-15,2022,7,26.600000,-0.690000,-0.762427,-0.785491,-0.803333,JJA
2022-08-15,2022,8,25.880000,-0.970000,-1.071817,-1.104241,-0.910000,JJA
2022-09-15,2022,9,25.650000,-1.070000,-1.182314,-1.218080,-1.010000,SON
2022-10-15,2022,10,25.730000,-0.990000,-1.093917,-1.127009,-0.986667,SON
2022-11-15,2022,11,25.800000,-0.900000,-0.994470,-1.024553,-0.913333,SON
2022-12-15,2022,12,25.750000,-0.850000,-0.939221,-0.967634,-0.823333,DJF
2023-01-15,2023,1,25.830000,-0.720000,-0.795576,-0.819643,-0.676667,DJF
2023-02-15,2023,2,26.290000,-0.460000,-0.508284,-0.523661,-0.430000,DJF
