phase,event_id,date,year,month,month_number,season,nino34_anom,nino34_anom_std_1991_2020,oni_3mon
El Nino,1,2002-07-15,2002,2002-07-01,7,JJA,0.740000,0.842411,0.776667
El Nino,1,2002-08-15,2002,2002-08-01,8,JJA,0.870000,0.990402,0.900000
El Nino,1,2002-09-15,2002,2002-09-01,9,SON,1.090000,1.240848,1.070000
El Nino,1,2002-10-15,2002,2002-10-01,10,SON,1.250000,1.422991,1.270000
El Nino,1,2002-11-15,2002,2002-11-01,11,SON,1.470000,1.673437,1.363333
El Nino,1,2002-12-15,2002,2002-12-01,12,DJF,1.370000,1.559598,1.146667
El Nino,1,2003-01-15,2003,2003-01-01,1,DJF,0.600000,0.683036,0.870000
El Nino,1,2003-02-15,2003,2003-02-01,2,DJF,0.640000,0.728571,0.533333
El Nino,2,2004-08-15,2004,2004-08-01,8,JJA,0.760000,0.865178,0.686667
El Nino,2,2004-09-15,2004,2004-09-01,9,SON,0.810000,0.922098,0.766667
El Nino,2,2004-10-15,2004,2004-10-01,10,SON,0.730000,0.831027,0.733333
El Nino,2,2004-11-15,2004,2004-11-01,11,SON,0.660000,0.751339,0.710000
El Nino,2,2004-12-15,2004,2004-12-01,12,DJF,0.740000,0.842411,0.686667
El Nino,2,2005-01-15,2005,2005-01-01,1,DJF,0.660000,0.751339,0.586667
El Nino,3,2006-09-15,2006,2006-09-01,9,SON,0.600000,0.683036,0.536667
El Nino,3,2006-10-15,2006,2006-10-01,10,SON,0.700000,0.796875,0.763333
El Nino,3,2006-11-15,2006,2006-11-01,11,SON,0.990000,1.127009,0.943333
El Nino,3,2006-12-15,2006,2006-12-01,12,DJF,1.140000,1.297768,0.943333
El Nino,3,2007-01-15,2007,2007-01-01,1,DJF,0.700000,0.796875,0.656667
El Nino,4,2009-08-15,2009,2009-08-01,8,JJA,0.560000,0.637500,0.573333
El Nino,4,2009-09-15,2009,2009-09-01,9,SON,0.680000,0.774107,0.710000
El Nino,4,2009-10-15,2009,2009-10-01,10,SON,0.890000,1.013169,1.010000
El Nino,4,2009-11-15,2009,2009-11-01,11,SON,1.460000,1.662053,1.363333
El Nino,4,2009-12-15,2009,2009-12-01,12,DJF,1.740000,1.980803,1.573333
El Nino,4,2010-01-15,2010,2010-01-01,1,DJF,1.520000,1.730357,1.503333
El Nino,4,2010-02-15,2010,2010-02-01,2,DJF,1.250000,1.422991,1.223333
El Nino,4,2010-03-15,2010,2010-03-01,3,MAM,0.900000,1.024553,0.843333
El Nino,5,2014-11-15,2014,2014-11-01,11,SON,0.750000,0.853794,0.633333
El Nino,5,2014-12-15,2014,2014-12-01,12,DJF,0.710000,0.808259,0.656667
El Nino,5,2015-01-15,2015,2015-01-01,1,DJF,0.510000,0.580580,0.546667
El Nino,6,2015-04-15,2015,2015-04-01,4,MAM,0.700000,0.796875,0.696667
El Nino,6,2015-05-15,2015,2015-05-01,5,MAM,0.920000,1.047321,0.933333
El Nino,6,2015-06-15,2015,2015-06-01,6,JJA,1.180000,1.343303,1.186667
El Nino,6,2015-07-15,2015,2015-07-01,7,JJA,1.460000,1.662053,1.523333
El Nino,6,2015-08-15,2015,2015-08-01,8,JJA,1.930000,2.197098,1.866667
El Nino,6,2015-09-15,2015,2015-09-01,9,SON,2.210000,2.515848,2.166667
El Nino,6,2015-10-15,2015,2015-10-01,10,SON,2.360000,2.686607,2.430000
El Nino,6,2015-11-15,2015,2015-11-01,11,SON,2.720000,3.096428,2.580000
El Nino,6,2015-12-15,2015,2015-12-01,12,DJF,2.660000,3.028124,2.650000
El Nino,6,2016-01-15,2016,2016-01-01,1,DJF,2.570000,2.925669,2.496667
El Nino,6,2016-02-15,2016,2016-02-01,2,DJF,2.260000,2.572767,2.150000
El Nino,6,2016-03-15,2016,2016-03-01,3,MAM,1.620000,1.844196,1.596667
El Nino,6,2016-04-15,2016,2016-04-01,4,MAM,0.910000,1.035937,0.943333
El Nino,7,2018-10-15,2018,2018-10-01,10,SON,0.900000,1.024553,0.756667
El Nino,7,2018-11-15,2018,2018-11-01,11,SON,0.900000,1.024553,0.896667
El Nino,7,2018-12-15,2018,2018-12-01,12,DJF,0.890000,1.013169,0.813333
El Nino,7,2019-01-15,2019,2019-01-01,1,DJF,0.650000,0.739955,0.750000
El Nino,7,2019-02-15,2019,2019-02-01,2,DJF,0.710000,0.808259,0.723333
El Nino,7,2019-03-15,2019,2019-03-01,3,MAM,0.810000,0.922098,0.713333
El Nino,7,2019-04-15,2019,2019-04-01,4,MAM,0.620000,0.705803,0.660000
El Nino,7,2019-05-15,2019,2019-05-01,5,MAM,0.550000,0.626116,0.540000
El Nino,8,2019-11-15,2019,2019-11-01,11,SON,0.520000,0.591964,0.506667
El Nino,8,2019-12-15,2019,2019-12-01,12,DJF,0.520000,0.591964,0.546667
El Nino,8,2020-01-15,2020,2020-01-01,1,DJF,0.600000,0.683036,0.496667
La Nina,1,2003-05-15,2003,2003-05-01,5,MAM,-0.610000,-0.694420,-0.346667
La Nina,2,2005-11-15,2005,2005-11-01,11,SON,-0.590000,-0.671652,-0.523333
La Nina,2,2005-12-15,2005,2005-12-01,12,DJF,-0.920000,-1.047321,-0.806667
La Nina,2,2006-01-15,2006,2006-01-01,1,DJF,-0.910000,-1.035937,-0.833333
La Nina,2,2006-02-15,2006,2006-02-01,2,DJF,-0.670000,-0.762723,-0.763333
La Nina,2,2006-03-15,2006,2006-03-01,3,MAM,-0.710000,-0.808259,-0.566667
La Nina,3,2007-07-15,2007,2007-07-01,7,JJA,-0.590000,-0.671652,-0.553333
La Nina,3,2007-08-15,2007,2007-08-01,8,JJA,-0.720000,-0.819643,-0.806667
La Nina,3,2007-09-15,2007,2007-09-01,9,SON,-1.110000,-1.263616,-1.073333
La Nina,3,2007-10-15,2007,2007-10-01,10,SON,-1.390000,-1.582366,-1.346667
La Nina,3,2007-11-15,2007,2007-11-01,11,SON,-1.540000,-1.753125,-1.503333
La Nina,3,2007-12-15,2007,2007-12-01,12,DJF,-1.580000,-1.798660,-1.600000
La Nina,3,2008-01-15,2008,2008-01-01,1,DJF,-1.680000,-1.912500,-1.643333
La Nina,3,2008-02-15,2008,2008-02-01,2,DJF,-1.670000,-1.901116,-1.520000
La Nina,3,2008-03-15,2008,2008-03-01,3,MAM,-1.210000,-1.377455,-1.290000
La Nina,3,2008-04-15,2008,2008-04-01,4,MAM,-0.990000,-1.127009,-1.013333
La Nina,3,2008-05-15,2008,2008-05-01,5,MAM,-0.840000,-0.956250,-0.836667
La Nina,3,2008-06-15,2008,2008-06-01,6,JJA,-0.680000,-0.774107,-0.606667
La Nina,4,2008-12-15,2008,2008-12-01,12,DJF,-0.860000,-0.979018,-0.736667
La Nina,4,2009-01-15,2009,2009-01-01,1,DJF,-0.890000,-1.013169,-0.846667
La Nina,4,2009-02-15,2009,2009-02-01,2,DJF,-0.790000,-0.899330,-0.790000
La Nina,4,2009-03-15,2009,2009-03-01,3,MAM,-0.690000,-0.785491,-0.610000
La Nina,5,2010-06-15,2010,2010-06-01,6,JJA,-0.690000,-0.785491,-0.660000
La Nina,5,2010-07-15,2010,2010-07-01,7,JJA,-1.070000,-1.218080,-1.050000
La Nina,5,2010-08-15,2010,2010-08-01,8,JJA,-1.390000,-1.582366,-1.353333
La Nina,5,2010-09-15,2010,2010-09-01,9,SON,-1.600000,-1.821428,-1.560000
La Nina,5,2010-10-15,2010,2010-10-01,10,SON,-1.690000,-1.923884,-1.643333
La Nina,5,2010-11-15,2010,2010-11-01,11,SON,-1.640000,-1.866964,-1.643333
La Nina,5,2010-12-15,2010,2010-12-01,12,DJF,-1.600000,-1.821428,-1.593333
La Nina,5,2011-01-15,2011,2011-01-01,1,DJF,-1.540000,-1.753125,-1.416667
La Nina,5,2011-02-15,2011,2011-02-01,2,DJF,-1.110000,-1.263616,-1.193333
La Nina,5,2011-03-15,2011,2011-03-01,3,MAM,-0.930000,-1.058705,-0.936667
La Nina,5,2011-04-15,2011,2011-04-01,4,MAM,-0.770000,-0.876562,-0.740000
La Nina,5,2011-05-15,2011,2011-05-01,5,MAM,-0.520000,-0.591964,-0.556667
La Nina,6,2011-08-15,2011,2011-08-01,8,JJA,-0.650000,-0.739955,-0.626667
La Nina,6,2011-09-15,2011,2011-09-01,9,SON,-0.800000,-0.910714,-0.833333
La Nina,6,2011-10-15,2011,2011-10-01,10,SON,-1.050000,-1.195312,-1.013333
La Nina,6,2011-11-15,2011,2011-11-01,11,SON,-1.190000,-1.354687,-1.100000
La Nina,6,2011-12-15,2011,2011-12-01,12,DJF,-1.060000,-1.206696,-1.040000
La Nina,6,2012-01-15,2012,2012-01-01,1,DJF,-0.870000,-0.990402,-0.866667
La Nina,6,2012-02-15,2012,2012-02-01,2,DJF,-0.670000,-0.762723,-0.716667
La Nina,6,2012-03-15,2012,2012-03-01,3,MAM,-0.610000,-0.694420,-0.593333
La Nina,6,2012-04-15,2012,2012-04-01,4,MAM,-0.500000,-0.569196,-0.476667
La Nina,7,2013-01-15,2013,2013-01-01,1,DJF,-0.530000,-0.603348,-0.433333
La Nina,7,2013-02-15,2013,2013-02-01,2,DJF,-0.520000,-0.591964,-0.433333
La Nina,8,2014-02-15,2014,2014-02-01,2,DJF,-0.620000,-0.705803,-0.463333
La Nina,9,2016-08-15,2016,2016-08-01,8,JJA,-0.580000,-0.660268,-0.546667
La Nina,9,2016-09-15,2016,2016-09-01,9,SON,-0.580000,-0.660268,-0.633333
La Nina,9,2016-10-15,2016,2016-10-01,10,SON,-0.740000,-0.842411,-0.693333
La Nina,9,2016-11-15,2016,2016-11-01,11,SON,-0.760000,-0.865178,-0.666667
La Nina,9,2016-12-15,2016,2016-12-01,12,DJF,-0.500000,-0.569196,-0.563333
La Nina,10,2017-10-15,2017,2017-10-01,10,SON,-0.560000,-0.637500,-0.653333
La Nina,10,2017-11-15,2017,2017-11-01,11,SON,-0.970000,-1.104241,-0.836667
La Nina,10,2017-12-15,2017,2017-12-01,12,DJF,-0.980000,-1.115625,-0.976667
La Nina,10,2018-01-15,2018,2018-01-01,1,DJF,-0.980000,-1.115625,-0.913333
La Nina,10,2018-02-15,2018,2018-02-01,2,DJF,-0.780000,-0.887946,-0.853333
La Nina,10,2018-03-15,2018,2018-03-01,3,MAM,-0.800000,-0.910714,-0.696667
La Nina,10,2018-04-15,2018,2018-04-01,4,MAM,-0.510000,-0.580580,-0.503333
La Nina,11,2020-08-15,2020,2020-08-01,8,JJA,-0.590000,-0.671652,-0.573333
La Nina,11,2020-09-15,2020,2020-09-01,9,SON,-0.830000,-0.944866,-0.893333
La Nina,11,2020-10-15,2020,2020-10-01,10,SON,-1.260000,-1.434375,-1.170000
La Nina,11,2020-11-15,2020,2020-11-01,11,SON,-1.420000,-1.616518,-1.276667
La Nina,11,2020-12-15,2020,2020-12-01,12,DJF,-1.150000,-1.309152,-1.190000
La Nina,11,2021-01-15,2021,2021-01-01,1,DJF,-1.000000,-1.138393,-1.050000
La Nina,11,2021-02-15,2021,2021-02-01,2,DJF,-1.000000,-1.138393,-0.933333
La Nina,11,2021-03-15,2021,2021-03-01,3,MAM,-0.800000,-0.910714,-0.840000
La Nina,11,2021-04-15,2021,2021-04-01,4,MAM,-0.720000,-0.819643,-0.660000
La Nina,12,2021-08-15,2021,2021-08-01,8,JJA,-0.530000,-0.603348,-0.490000
La Nina,12,2021-09-15,2021,2021-09-01,9,SON,-0.550000,-0.626116,-0.673333
La Nina,12,2021-10-15,2021,2021-10-01,10,SON,-0.940000,-1.070089,-0.810000
La Nina,12,2021-11-15,2021,2021-11-01,11,SON,-0.940000,-1.070089,-0.980000
La Nina,12,2021-12-15,2021,2021-12-01,12,DJF,-1.060000,-1.206696,-0.980000
La Nina,12,2022-01-15,2022,2022-01-01,1,DJF,-0.940000,-1.070089,-0.963333
La Nina,12,2022-02-15,2022,2022-02-01,2,DJF,-0.890000,-1.013169,-0.933333
La Nina,12,2022-03-15,2022,2022-03-01,3,MAM,-0.970000,-1.104241,-0.990000
La Nina,12,2022-04-15,2022,2022-04-01,4,MAM,-1.110000,-1.263616,-1.063333
La Nina,12,2022-05-15,2022,2022-05-01,5,MAM,-1.110000,-1.263616,-0.990000
La Nina,12,2022-06-15,2022,2022-06-01,6,JJA,-0.750000,-0.853794,-0.850000
La Nina,12,2022-07-15,2022,2022-07-01,7,JJA,-0.690000,-0.785491,-0.803333
La Nina,12,2022-08-15,2022,2022-08-01,8,JJA,-0.970000,-1.104241,-0.910000
La Nina,12,2022-09-15,2022,2022-09-01,9,SON,-1.070000,-1.218080,-1.010000
La Nina,12,2022-10-15,2022,2022-10-01,10,SON,-0.990000,-1.127009,-0.986667
La Nina,12,2022-11-15,2022,2022-11-01,11,SON,-0.900000,-1.024553,-0.913333
La Nina,12,2022-12-15,2022,2022-12-01,12,DJF,-0.850000,-0.967634,-0.823333
La Nina,12,2023-01-15,2023,2023-01-01,1,DJF,-0.720000,-0.819643,-0.676667
