phase,event_id,date,year,month_number,month,season,nino34_sst,nino34_anom,nino34_anom_std_1981_2010,nino34_anom_std_1991_2020,oni_3mon
El Nino,1,2002-07-15,2002,7,2002-07-01,JJA,28.030000,0.740000,0.817675,0.842411,0.776667
El Nino,1,2002-08-15,2002,8,2002-08-01,JJA,27.720000,0.870000,0.961321,0.990402,0.900000
El Nino,1,2002-09-15,2002,9,2002-09-01,SON,27.810000,1.090000,1.204413,1.240848,1.070000
El Nino,1,2002-10-15,2002,10,2002-10-01,SON,27.960000,1.250000,1.381208,1.422991,1.270000
El Nino,1,2002-11-15,2002,11,2002-11-01,SON,28.170000,1.470000,1.624300,1.673437,1.363333
El Nino,1,2002-12-15,2002,12,2002-12-01,DJF,27.970000,1.370000,1.513804,1.559598,1.146667
El Nino,1,2003-01-15,2003,1,2003-01-01,DJF,27.150000,0.600000,0.662980,0.683036,0.870000
El Nino,1,2003-02-15,2003,2,2003-02-01,DJF,27.390000,0.640000,0.707178,0.728571,0.533333
El Nino,2,2004-08-15,2004,8,2004-08-01,JJA,27.620000,0.760000,0.839774,0.865178,0.686667
El Nino,2,2004-09-15,2004,9,2004-09-01,SON,27.530000,0.810000,0.895023,0.922098,0.766667
El Nino,2,2004-10-15,2004,10,2004-10-01,SON,27.440000,0.730000,0.806625,0.831027,0.733333
El Nino,2,2004-11-15,2004,11,2004-11-01,SON,27.360000,0.660000,0.729278,0.751339,0.710000
El Nino,2,2004-12-15,2004,12,2004-12-01,DJF,27.340000,0.740000,0.817675,0.842411,0.686667
El Nino,2,2005-01-15,2005,1,2005-01-01,DJF,27.210000,0.660000,0.729278,0.751339,0.586667
El Nino,3,2006-09-15,2006,9,2006-09-01,SON,27.320000,0.600000,0.662980,0.683036,0.536667
El Nino,3,2006-10-15,2006,10,2006-10-01,SON,27.410000,0.700000,0.773476,0.796875,0.763333
El Nino,3,2006-11-15,2006,11,2006-11-01,SON,27.690000,0.990000,1.093917,1.127009,0.943333
El Nino,3,2006-12-15,2006,12,2006-12-01,DJF,27.740000,1.140000,1.259662,1.297768,0.943333
El Nino,3,2007-01-15,2007,1,2007-01-01,DJF,27.240000,0.700000,0.773476,0.796875,0.656667
El Nino,4,2009-08-15,2009,8,2009-08-01,JJA,27.420000,0.560000,0.618781,0.637500,0.573333
El Nino,4,2009-09-15,2009,9,2009-09-01,SON,27.400000,0.680000,0.751377,0.774107,0.710000
El Nino,4,2009-10-15,2009,10,2009-10-01,SON,27.600000,0.890000,0.983420,1.013169,1.010000
El Nino,4,2009-11-15,2009,11,2009-11-01,SON,28.160000,1.460000,1.613251,1.662053,1.363333
El Nino,4,2009-12-15,2009,12,2009-12-01,DJF,28.340000,1.740000,1.922641,1.980803,1.573333
El Nino,4,2010-01-15,2010,1,2010-01-01,DJF,28.070000,1.520000,1.679549,1.730357,1.503333
El Nino,4,2010-02-15,2010,2,2010-02-01,DJF,28.010000,1.250000,1.381208,1.422991,1.223333
El Nino,4,2010-03-15,2010,3,2010-03-01,MAM,28.180000,0.900000,0.994470,1.024553,0.843333
El Nino,5,2014-11-15,2014,11,2014-11-01,SON,27.460000,0.750000,0.828725,0.853794,0.633333
El Nino,5,2014-12-15,2014,12,2014-12-01,DJF,27.310000,0.710000,0.784526,0.808259,0.656667
El Nino,5,2015-01-15,2015,1,2015-01-01,DJF,27.050000,0.510000,0.563533,0.580580,0.546667
El Nino,6,2015-04-15,2015,4,2015-04-01,MAM,28.520000,0.700000,0.773476,0.796875,0.696667
El Nino,6,2015-05-15,2015,5,2015-05-01,MAM,28.850000,0.920000,1.016569,1.047321,0.933333
El Nino,6,2015-06-15,2015,6,2015-06-01,JJA,28.900000,1.180000,1.303860,1.343303,1.186667
El Nino,6,2015-07-15,2015,7,2015-07-01,JJA,28.750000,1.460000,1.613251,1.662053,1.523333
El Nino,6,2015-08-15,2015,8,2015-08-01,JJA,28.790000,1.930000,2.132585,2.197098,1.866667
El Nino,6,2015-09-15,2015,9,2015-09-01,SON,28.930000,2.210000,2.441975,2.515848,2.166667
El Nino,6,2015-10-15,2015,10,2015-10-01,SON,29.080000,2.360000,2.607720,2.686607,2.430000
El Nino,6,2015-11-15,2015,11,2015-11-01,SON,29.420000,2.720000,3.005508,3.096428,2.580000
El Nino,6,2015-12-15,2015,12,2015-12-01,DJF,29.260000,2.660000,2.939210,3.028124,2.650000
El Nino,6,2016-01-15,2016,1,2016-01-01,DJF,29.110000,2.570000,2.839763,2.925669,2.496667
El Nino,6,2016-02-15,2016,2,2016-02-01,DJF,29.010000,2.260000,2.497224,2.572767,2.150000
El Nino,6,2016-03-15,2016,3,2016-03-01,MAM,28.900000,1.620000,1.790045,1.844196,1.596667
El Nino,6,2016-04-15,2016,4,2016-04-01,MAM,28.720000,0.910000,1.005519,1.035937,0.943333
El Nino,7,2018-10-15,2018,10,2018-10-01,SON,27.620000,0.900000,0.994470,1.024553,0.756667
El Nino,7,2018-11-15,2018,11,2018-11-01,SON,27.610000,0.900000,0.994470,1.024553,0.896667
El Nino,7,2018-12-15,2018,12,2018-12-01,DJF,27.490000,0.890000,0.983420,1.013169,0.813333
El Nino,7,2019-01-15,2019,1,2019-01-01,DJF,27.190000,0.650000,0.718228,0.739955,0.750000
El Nino,7,2019-02-15,2019,2,2019-02-01,DJF,27.460000,0.710000,0.784526,0.808259,0.723333
El Nino,7,2019-03-15,2019,3,2019-03-01,MAM,28.090000,0.810000,0.895023,0.922098,0.713333
El Nino,7,2019-04-15,2019,4,2019-04-01,MAM,28.440000,0.620000,0.685079,0.705803,0.660000
El Nino,7,2019-05-15,2019,5,2019-05-01,MAM,28.480000,0.550000,0.607731,0.626116,0.540000
El Nino,8,2019-11-15,2019,11,2019-11-01,SON,27.220000,0.520000,0.574582,0.591964,0.506667
El Nino,8,2019-12-15,2019,12,2019-12-01,DJF,27.120000,0.520000,0.574582,0.591964,0.546667
El Nino,8,2020-01-15,2020,1,2020-01-01,DJF,27.150000,0.600000,0.662980,0.683036,0.496667
La Nina,1,2003-05-15,2003,5,2003-05-01,MAM,27.320000,-0.610000,-0.674029,-0.694420,-0.346667
La Nina,2,2005-11-15,2005,11,2005-11-01,SON,26.110000,-0.590000,-0.651930,-0.671652,-0.523333
La Nina,2,2005-12-15,2005,12,2005-12-01,DJF,25.680000,-0.920000,-1.016569,-1.047321,-0.806667
La Nina,2,2006-01-15,2006,1,2006-01-01,DJF,25.630000,-0.910000,-1.005519,-1.035937,-0.833333
La Nina,2,2006-02-15,2006,2,2006-02-01,DJF,26.080000,-0.670000,-0.740327,-0.762723,-0.763333
La Nina,2,2006-03-15,2006,3,2006-03-01,MAM,26.570000,-0.710000,-0.784526,-0.808259,-0.566667
La Nina,3,2007-07-15,2007,7,2007-07-01,JJA,26.710000,-0.590000,-0.651930,-0.671652,-0.553333
La Nina,3,2007-08-15,2007,8,2007-08-01,JJA,26.140000,-0.720000,-0.795576,-0.819643,-0.806667
La Nina,3,2007-09-15,2007,9,2007-09-01,SON,25.610000,-1.110000,-1.226513,-1.263616,-1.073333
La Nina,3,2007-10-15,2007,10,2007-10-01,SON,25.320000,-1.390000,-1.535903,-1.582366,-1.346667
La Nina,3,2007-11-15,2007,11,2007-11-01,SON,25.170000,-1.540000,-1.701648,-1.753125,-1.503333
La Nina,3,2007-12-15,2007,12,2007-12-01,DJF,25.010000,-1.580000,-1.745847,-1.798660,-1.600000
La Nina,3,2008-01-15,2008,1,2008-01-01,DJF,24.860000,-1.680000,-1.856343,-1.912500,-1.643333
La Nina,3,2008-02-15,2008,2,2008-02-01,DJF,25.080000,-1.670000,-1.845294,-1.901116,-1.520000
La Nina,3,2008-03-15,2008,3,2008-03-01,MAM,26.070000,-1.210000,-1.337009,-1.377455,-1.290000
La Nina,3,2008-04-15,2008,4,2008-04-01,MAM,26.830000,-0.990000,-1.093917,-1.127009,-1.013333
La Nina,3,2008-05-15,2008,5,2008-05-01,MAM,27.090000,-0.840000,-0.928172,-0.956250,-0.836667
La Nina,3,2008-06-15,2008,6,2008-06-01,JJA,27.040000,-0.680000,-0.751377,-0.774107,-0.606667
La Nina,4,2008-12-15,2008,12,2008-12-01,DJF,25.740000,-0.860000,-0.950271,-0.979018,-0.736667
La Nina,4,2009-01-15,2009,1,2009-01-01,DJF,25.660000,-0.890000,-0.983420,-1.013169,-0.846667
La Nina,4,2009-02-15,2009,2,2009-02-01,DJF,25.960000,-0.790000,-0.872923,-0.899330,-0.790000
La Nina,4,2009-03-15,2009,3,2009-03-01,MAM,26.590000,-0.690000,-0.762427,-0.785491,-0.610000
La Nina,5,2010-06-15,2010,6,2010-06-01,JJA,27.040000,-0.690000,-0.762427,-0.785491,-0.660000
La Nina,5,2010-07-15,2010,7,2010-07-01,JJA,26.220000,-1.070000,-1.182314,-1.218080,-1.050000
La Nina,5,2010-08-15,2010,8,2010-08-01,JJA,25.470000,-1.390000,-1.535903,-1.582366,-1.353333
La Nina,5,2010-09-15,2010,9,2010-09-01,SON,25.120000,-1.600000,-1.767946,-1.821428,-1.560000
La Nina,5,2010-10-15,2010,10,2010-10-01,SON,25.030000,-1.690000,-1.867393,-1.923884,-1.643333
La Nina,5,2010-11-15,2010,11,2010-11-01,SON,25.060000,-1.640000,-1.812145,-1.866964,-1.643333
La Nina,5,2010-12-15,2010,12,2010-12-01,DJF,25.000000,-1.600000,-1.767946,-1.821428,-1.593333
La Nina,5,2011-01-15,2011,1,2011-01-01,DJF,25.000000,-1.540000,-1.701648,-1.753125,-1.416667
La Nina,5,2011-02-15,2011,2,2011-02-01,DJF,25.640000,-1.110000,-1.226513,-1.263616,-1.193333
La Nina,5,2011-03-15,2011,3,2011-03-01,MAM,26.360000,-0.930000,-1.027619,-1.058705,-0.936667
La Nina,5,2011-04-15,2011,4,2011-04-01,MAM,27.050000,-0.770000,-0.850824,-0.876562,-0.740000
La Nina,5,2011-05-15,2011,5,2011-05-01,MAM,27.410000,-0.520000,-0.574582,-0.591964,-0.556667
La Nina,6,2011-08-15,2011,8,2011-08-01,JJA,26.210000,-0.650000,-0.718228,-0.739955,-0.626667
La Nina,6,2011-09-15,2011,9,2011-09-01,SON,25.920000,-0.800000,-0.883973,-0.910714,-0.833333
La Nina,6,2011-10-15,2011,10,2011-10-01,SON,25.670000,-1.050000,-1.160215,-1.195312,-1.013333
La Nina,6,2011-11-15,2011,11,2011-11-01,SON,25.520000,-1.190000,-1.314910,-1.354687,-1.100000
La Nina,6,2011-12-15,2011,12,2011-12-01,DJF,25.540000,-1.060000,-1.171264,-1.206696,-1.040000
La Nina,6,2012-01-15,2012,1,2012-01-01,DJF,25.670000,-0.870000,-0.961321,-0.990402,-0.866667
La Nina,6,2012-02-15,2012,2,2012-02-01,DJF,26.080000,-0.670000,-0.740327,-0.762723,-0.716667
La Nina,6,2012-03-15,2012,3,2012-03-01,MAM,26.670000,-0.610000,-0.674029,-0.694420,-0.593333
La Nina,6,2012-04-15,2012,4,2012-04-01,MAM,27.320000,-0.500000,-0.552483,-0.569196,-0.476667
La Nina,7,2013-01-15,2013,1,2013-01-01,DJF,26.010000,-0.530000,-0.585632,-0.603348,-0.433333
La Nina,7,2013-02-15,2013,2,2013-02-01,DJF,26.240000,-0.520000,-0.574582,-0.591964,-0.433333
La Nina,8,2014-02-15,2014,2,2014-02-01,DJF,26.140000,-0.620000,-0.685079,-0.705803,-0.463333
La Nina,9,2016-08-15,2016,8,2016-08-01,JJA,26.280000,-0.580000,-0.640880,-0.660268,-0.546667
La Nina,9,2016-09-15,2016,9,2016-09-01,SON,26.140000,-0.580000,-0.640880,-0.660268,-0.633333
La Nina,9,2016-10-15,2016,10,2016-10-01,SON,25.980000,-0.740000,-0.817675,-0.842411,-0.693333
La Nina,9,2016-11-15,2016,11,2016-11-01,SON,25.940000,-0.760000,-0.839774,-0.865178,-0.666667
La Nina,9,2016-12-15,2016,12,2016-12-01,DJF,26.100000,-0.500000,-0.552483,-0.569196,-0.563333
La Nina,10,2017-10-15,2017,10,2017-10-01,SON,26.150000,-0.560000,-0.618781,-0.637500,-0.653333
La Nina,10,2017-11-15,2017,11,2017-11-01,SON,25.740000,-0.970000,-1.071817,-1.104241,-0.836667
La Nina,10,2017-12-15,2017,12,2017-12-01,DJF,25.620000,-0.980000,-1.082867,-1.115625,-0.976667
La Nina,10,2018-01-15,2018,1,2018-01-01,DJF,25.570000,-0.980000,-1.082867,-1.115625,-0.913333
La Nina,10,2018-02-15,2018,2,2018-02-01,DJF,25.970000,-0.780000,-0.861874,-0.887946,-0.853333
La Nina,10,2018-03-15,2018,3,2018-03-01,MAM,26.480000,-0.800000,-0.883973,-0.910714,-0.696667
La Nina,10,2018-04-15,2018,4,2018-04-01,MAM,27.310000,-0.510000,-0.563533,-0.580580,-0.503333
La Nina,11,2020-08-15,2020,8,2020-08-01,JJA,26.260000,-0.590000,-0.651930,-0.671652,-0.573333
La Nina,11,2020-09-15,2020,9,2020-09-01,SON,25.890000,-0.830000,-0.917122,-0.944866,-0.893333
La Nina,11,2020-10-15,2020,10,2020-10-01,SON,25.460000,-1.260000,-1.392257,-1.434375,-1.170000
La Nina,11,2020-11-15,2020,11,2020-11-01,SON,25.280000,-1.420000,-1.569052,-1.616518,-1.276667
La Nina,11,2020-12-15,2020,12,2020-12-01,DJF,25.440000,-1.150000,-1.270711,-1.309152,-1.190000
La Nina,11,2021-01-15,2021,1,2021-01-01,DJF,25.550000,-1.000000,-1.104966,-1.138393,-1.050000
La Nina,11,2021-02-15,2021,2,2021-02-01,DJF,25.750000,-1.000000,-1.104966,-1.138393,-0.933333
La Nina,11,2021-03-15,2021,3,2021-03-01,MAM,26.480000,-0.800000,-0.883973,-0.910714,-0.840000
La Nina,11,2021-04-15,2021,4,2021-04-01,MAM,27.100000,-0.720000,-0.795576,-0.819643,-0.660000
La Nina,12,2021-08-15,2021,8,2021-08-01,JJA,26.320000,-0.530000,-0.585632,-0.603348,-0.490000
La Nina,12,2021-09-15,2021,9,2021-09-01,SON,26.170000,-0.550000,-0.607731,-0.626116,-0.673333
La Nina,12,2021-10-15,2021,10,2021-10-01,SON,25.770000,-0.940000,-1.038668,-1.070089,-0.810000
La Nina,12,2021-11-15,2021,11,2021-11-01,SON,25.760000,-0.940000,-1.038668,-1.070089,-0.980000
La Nina,12,2021-12-15,2021,12,2021-12-01,DJF,25.540000,-1.060000,-1.171264,-1.206696,-0.980000
La Nina,12,2022-01-15,2022,1,2022-01-01,DJF,25.600000,-0.940000,-1.038668,-1.070089,-0.963333
La Nina,12,2022-02-15,2022,2,2022-02-01,DJF,25.860000,-0.890000,-0.983420,-1.013169,-0.933333
La Nina,12,2022-03-15,2022,3,2022-03-01,MAM,26.310000,-0.970000,-1.071817,-1.104241,-0.990000
La Nina,12,2022-04-15,2022,4,2022-04-01,MAM,26.700000,-1.110000,-1.226513,-1.263616,-1.063333
La Nina,12,2022-05-15,2022,5,2022-05-01,MAM,26.820000,-1.110000,-1.226513,-1.263616,-0.990000
La Nina,12,2022-06-15,2022,6,2022-06-01,JJA,26.980000,-0.750000,-0.828725,-0.853794,-0.850000
La Nina,12,2022-07-15,2022,7,2022-07-01,JJA,26.600000,-0.690000,-0.762427,-0.785491,-0.803333
La Nina,12,2022-08-15,2022,8,2022-08-01,JJA,25.880000,-0.970000,-1.071817,-1.104241,-0.910000
La Nina,12,2022-09-15,2022,9,2022-09-01,SON,25.650000,-1.070000,-1.182314,-1.218080,-1.010000
La Nina,12,2022-10-15,2022,10,2022-10-01,SON,25.730000,-0.990000,-1.093917,-1.127009,-0.986667
La Nina,12,2022-11-15,2022,11,2022-11-01,SON,25.800000,-0.900000,-0.994470,-1.024553,-0.913333
La Nina,12,2022-12-15,2022,12,2022-12-01,DJF,25.750000,-0.850000,-0.939221,-0.967634,-0.823333
La Nina,12,2023-01-15,2023,1,2023-01-01,DJF,25.830000,-0.720000,-0.795576,-0.819643,-0.676667
